{
    "video": {
        "sites": [
            {
                "key": "ciliduo",
                "name": "🔞┃磁力多BT┃🔞",
                "api": "./js/ciliduo.js",
                "timeout": 30,
                "ext": {
                    "box": "CatOpen"
                },
                "playerType": 0,
                "type": 3
            },
            {
                "key": "nivod_18",
                "name": "🔞┃泥视频18+┃🔞",
                "api": "./js/nivod_18.js",
                "timeout": 30,
                "ext": {
                    "box": "CatOpen"
                },
                "playerType": 0,
                "type": 3
            },
            {
                "key": "jable",
                "name": "🔞┃Jable┃🔞",
                "api": "./js/jable.js",
                "timeout": 30,
                "ext": {
                    "box": "CatOpen"
                },
                "playerType": 0,
                "type": 3
            },
            {
                "key": "sehuatang",
                "name": "🔞┃色花堂BT┃🔞",
                "api": "./js/sehuatang.js",
                "timeout": 30,
                "ext": {
                    "box": "CatOpen"
                },
                "playerType": 0,
                "type": 3
            },
            {
                "key": "asianx",
                "name": "🔞┃海外宅┃🔞",
                "api": "./js/asianx.js",
                "timeout": 30,
                "ext": {
                    "box": "CatOpen"
                },
                "playerType": 0,
                "type": 3
            },
            {
                "key": "hanxiucao",
                "name": "🔞┃含羞草┃🔞",
                "api": "./js/hanxiucao.js",
                "timeout": 30,
                "ext": {
                    "box": "CatOpen"
                },
                "playerType": 0,
                "type": 3
            },
            {
                "key": "lovemovie18",
                "name": "🔞┃爱情电影网18+┃🔞",
                "api": "./js/lovemovie18.js",
                "timeout": 30,
                "ext": {
                    "box": "CatOpen"
                },
                "playerType": 0,
                "type": 3
            },
            {
                "key": "doll",
                "name": "🔞┃玩偶姐姐┃🔞",
                "api": "./js/doll.js",
                "timeout": 30,
                "ext": {
                    "box": "CatOpen"
                },
                "playerType": 0,
                "type": 3
            },
            {
                "key": "hscangku",
                "name": "🔞┃黄色仓库┃🔞",
                "api": "./js/hscangku.js",
                "timeout": 30,
                "ext": {
                    "box": "CatOpen"
                },
                "playerType": 0,
                "type": 3
            },
            {
                "key": "jiujiuliu",
                "name": "🔞┃九九六影视┃🔞",
                "api": "./js/jiujiuliu.js",
                "timeout": 30,
                "ext": {
                    "box": "CatOpen"
                },
                "playerType": 0,
                "type": 3
            }
        ]
    },
    "read": {
        "sites": []
    },
    "pan": {
        "sites": []
    }
}