{
    "sites": [
        {
            "key": "ciliduo",
            "name": "🔞┃磁力多BT┃🔞",
            "api": "./js/ciliduo.js",
            "timeout": 30,
            "ext": {
                "box": "TVBox"
            },
            "playerType": 0,
            "type": 3
        },
        {
            "key": "nivod_18",
            "name": "🔞┃泥视频18+┃🔞",
            "api": "./js/nivod_18.js",
            "timeout": 30,
            "ext": {
                "box": "TVBox"
            },
            "playerType": 0,
            "type": 3
        },
        {
            "key": "jable",
            "name": "🔞┃Jable┃🔞",
            "api": "./js/jable.js",
            "timeout": 30,
            "ext": {
                "box": "TVBox"
            },
            "playerType": 0,
            "type": 3
        },
        {
            "key": "sehuatang",
            "name": "🔞┃色花堂BT┃🔞",
            "api": "./js/sehuatang.js",
            "timeout": 30,
            "ext": {
                "box": "TVBox"
            },
            "playerType": 0,
            "type": 3
        },
        {
            "key": "asianx",
            "name": "🔞┃海外宅┃🔞",
            "api": "./js/asianx.js",
            "timeout": 30,
            "ext": {
                "box": "TVBox"
            },
            "playerType": 0,
            "type": 3
        },
        {
            "key": "hanxiucao",
            "name": "🔞┃含羞草┃🔞",
            "api": "./js/hanxiucao.js",
            "timeout": 30,
            "ext": {
                "box": "TVBox"
            },
            "playerType": 0,
            "type": 3
        },
        {
            "key": "lovemovie18",
            "name": "🔞┃爱情电影网18+┃🔞",
            "api": "./js/lovemovie18.js",
            "timeout": 30,
            "ext": {
                "box": "TVBox"
            },
            "playerType": 0,
            "type": 3
        },
        {
            "key": "doll",
            "name": "🔞┃玩偶姐姐┃🔞",
            "api": "./js/doll.js",
            "timeout": 30,
            "ext": {
                "box": "TVBox"
            },
            "playerType": 0,
            "type": 3
        },
        {
            "key": "hscangku",
            "name": "🔞┃黄色仓库┃🔞",
            "api": "./js/hscangku.js",
            "timeout": 30,
            "ext": {
                "box": "TVBox"
            },
            "playerType": 0,
            "type": 3
        },
        {
            "key": "jiujiuliu",
            "name": "🔞┃九九六影视┃🔞",
            "api": "./js/jiujiuliu.js",
            "timeout": 30,
            "ext": {
                "box": "TVBox"
            },
            "playerType": 0,
            "type": 3
        }
    ],
    "ijk": [
        {
            "group": "软解码",
            "options": [
                {
                    "category": 4,
                    "name": "opensles",
                    "value": "0"
                },
                {
                    "category": 4,
                    "name": "overlay-format",
                    "value": "842225234"
                },
                {
                    "category": 4,
                    "name": "framedrop",
                    "value": "1"
                },
                {
                    "category": 4,
                    "name": "soundtouch",
                    "value": "1"
                },
                {
                    "category": 4,
                    "name": "start-on-prepared",
                    "value": "1"
                },
                {
                    "category": 1,
                    "name": "http-detect-range-support",
                    "value": "0"
                },
                {
                    "category": 1,
                    "name": "fflags",
                    "value": "fastseek"
                },
                {
                    "category": 2,
                    "name": "skip_loop_filter",
                    "value": "48"
                },
                {
                    "category": 4,
                    "name": "reconnect",
                    "value": "1"
                },
                {
                    "category": 4,
                    "name": "max-buffer-size",
                    "value": "5242880"
                },
                {
                    "category": 4,
                    "name": "enable-accurate-seek",
                    "value": "0"
                },
                {
                    "category": 4,
                    "name": "mediacodec",
                    "value": "0"
                },
                {
                    "category": 4,
                    "name": "mediacodec-auto-rotate",
                    "value": "0"
                },
                {
                    "category": 4,
                    "name": "mediacodec-handle-resolution-change",
                    "value": "0"
                },
                {
                    "category": 4,
                    "name": "mediacodec-hevc",
                    "value": "0"
                },
                {
                    "category": 1,
                    "name": "dns_cache_timeout",
                    "value": "600000000"
                }
            ]
        },
        {
            "group": "硬解码",
            "options": [
                {
                    "category": 4,
                    "name": "opensles",
                    "value": "0"
                },
                {
                    "category": 4,
                    "name": "overlay-format",
                    "value": "842225234"
                },
                {
                    "category": 4,
                    "name": "framedrop",
                    "value": "1"
                },
                {
                    "category": 4,
                    "name": "soundtouch",
                    "value": "1"
                },
                {
                    "category": 4,
                    "name": "start-on-prepared",
                    "value": "1"
                },
                {
                    "category": 1,
                    "name": "http-detect-range-support",
                    "value": "0"
                },
                {
                    "category": 1,
                    "name": "fflags",
                    "value": "fastseek"
                },
                {
                    "category": 2,
                    "name": "skip_loop_filter",
                    "value": "48"
                },
                {
                    "category": 4,
                    "name": "reconnect",
                    "value": "1"
                },
                {
                    "category": 4,
                    "name": "max-buffer-size",
                    "value": "5242880"
                },
                {
                    "category": 4,
                    "name": "enable-accurate-seek",
                    "value": "0"
                },
                {
                    "category": 4,
                    "name": "mediacodec",
                    "value": "1"
                },
                {
                    "category": 4,
                    "name": "mediacodec-auto-rotate",
                    "value": "1"
                },
                {
                    "category": 4,
                    "name": "mediacodec-handle-resolution-change",
                    "value": "1"
                },
                {
                    "category": 4,
                    "name": "mediacodec-hevc",
                    "value": "1"
                },
                {
                    "category": 1,
                    "name": "dns_cache_timeout",
                    "value": "600000000"
                }
            ]
        }
    ],
    "ads": [
        "wan.51img1.com",
        "iqiyi.hbuioo.com",
        "vip.ffzyad.com",
        "https://lf1-cdn-tos.bytegoofy.com/obj/tos-cn-i-dy/455ccf9e8ae744378118e4bd289288dd",
        "static-mozai.4gtv.tv",
        "s3t3d2y8.afcdn.net",
        "4gtvfreepcvod-cds.cdn.hinet.net"
    ],
    "rules": [
        {
            "name": "星星",
            "hosts": [
                "aws.ulivetv.net"
            ],
            "regex": [
                "#EXT-X-DISCONTINUITY\\r*\\n*#EXTINF:8,[\\s\\S]*?#EXT-X-DISCONTINUITY"
            ]
        },
        {
            "name": "量子廣告",
            "hosts": [
                "vip.lz",
                "hd.lz"
            ],
            "regex": [
                "#EXT-X-DISCONTINUITY\\r*\\n*#EXTINF:6.433333,[\\s\\S]*?#EXT-X-DISCONTINUITY",
                "#EXTINF.*?\\s+.*?1o.*?\\.ts\\s+"
            ]
        },
        {
            "name": "非凡廣告",
            "hosts": [
                "vip.ffzy",
                "hd.ffzy"
            ],
            "regex": [
                "#EXT-X-DISCONTINUITY\\r*\\n*#EXTINF:6.666667,[\\s\\S]*?#EXT-X-DISCONTINUITY",
                "#EXTINF.*?\\s+.*?1o.*?\\.ts\\s+"
            ]
        },
        {
            "name": "火山嗅探",
            "hosts": [
                "huoshan.com"
            ],
            "regex": [
                "item_id="
            ]
        },
        {
            "name": "抖音嗅探",
            "hosts": [
                "douyin.com"
            ],
            "regex": [
                "is_play_url="
            ]
        }
    ],
    "doh": [
        {
            "name": "Google",
            "url": "https://dns.google/dns-query",
            "ips": [
                "8.8.4.4",
                "8.8.8.8"
            ]
        },
        {
            "name": "Cloudflare",
            "url": "https://cloudflare-dns.com/dns-query",
            "ips": [
                "1.1.1.1",
                "1.0.0.1",
                "2606:4700:4700::1111",
                "2606:4700:4700::1001"
            ]
        },
        {
            "name": "AdGuard",
            "url": "https://dns.adguard.com/dns-query",
            "ips": [
                "94.140.14.140",
                "94.140.14.141"
            ]
        },
        {
            "name": "DNSWatch",
            "url": "https://resolver2.dns.watch/dns-query",
            "ips": [
                "84.200.69.80",
                "84.200.70.40"
            ]
        },
        {
            "name": "Quad9",
            "url": "https://dns.quad9.net/dns-quer",
            "ips": [
                "9.9.9.9",
                "149.112.112.112"
            ]
        }
    ],
    "parses": [
        {
            "name": "聚合",
            "type": 3,
            "url": "Demo"
        },
        {
            "name": "线路1",
            "type": 0,
            "url": "https://jx.xmflv.com/?url=",
            "ext": {
                "header": {
                    "user-agent": "Mozilla/5.0 (Windows NT 10.0; Win64; x64) AppleWebKit/537.36 (KHTML, like Gecko) Chrome/110.0.0.0 Safari/537.36 Edg/110.0.1587.57"
                }
            }
        },
        {
            "name": "线路2",
            "type": 0,
            "url": "https://jx.quankan.app/?url=",
            "ext": {
                "header": {
                    "user-agent": "Mozilla/5.0 (Linux; Android 13; V2049A Build/TP1A.220624.014; wv) AppleWebKit/537.36 (KHTML, like Gecko) Version/4.0 Chrome/116.0.0.0 Mobile Safari/537.36"
                }
            }
        },
        {
            "name": "线路3",
            "type": 0,
            "url": "https://jx.yparse.com/index.php?url=",
            "ext": {
                "header": {
                    "user-agent": "Mozilla/5.0 (Linux; Android 13; V2049A Build/TP1A.220624.014; wv) AppleWebKit/537.36 (KHTML, like Gecko) Version/4.0 Chrome/116.0.0.0 Mobile Safari/537.36"
                }
            }
        },
        {
            "name": "线路4",
            "type": 0,
            "url": "https://jx.jsonplayer.com/player/?url=",
            "ext": {
                "header": {
                    "user-agent": "Mozilla/5.0 (Linux; Android 13; V2049A Build/TP1A.220624.014; wv) AppleWebKit/537.36 (KHTML, like Gecko) Version/4.0 Chrome/116.0.0.0 Mobile Safari/537.36"
                }
            }
        },
        {
            "name": "线路5",
            "type": 0,
            "url": "https://jx.aidouer.net/?url=",
            "ext": {
                "header": {
                    "user-agent": "Mozilla/5.0 (Linux; Android 13; V2049A Build/TP1A.220624.014; wv) AppleWebKit/537.36 (KHTML, like Gecko) Version/4.0 Chrome/116.0.0.0 Mobile Safari/537.36",
                    "referer": "https://jiejie.uk/"
                }
            }
        },
        {
            "name": "线路6",
            "type": 0,
            "url": "https://jx.777jiexi.com/player/?url="
        },
        {
            "name": "线路7",
            "type": 0,
            "url": "https://www.8090g.cn/?url="
        },
        {
            "name": "线路8",
            "type": 0,
            "url": "https://jx.yangtu.top?url="
        },
        {
            "name": "线路9",
            "type": 0,
            "url": "https://jx.m3u8.tv/jiexi/?url="
        },
        {
            "name": "线路10",
            "type": 0,
            "url": "https://www.ckplayer.vip/jiexi/?url="
        }
    ],
    "lives": [
        {
            "name": "live",
            "type": 0,
            "url": "https://gh.con.sh/https://github.com/jadehh/LiveSpider/blob/main/live/live.txt",
            "playerType": 1,
            "ua": "okhttp/3.15",
            "epg": "http://epg.112114.xyz/?ch={name}&date={date}",
            "logo": "https://epg.112114.xyz/logo/{name}.png"
        }
    ],
    "wallpaper": "https://api.likepoems.com/img/bing"
}