{
"spider":"./jar/fan.txt;md5;9a4e27dc8671d07587f5cb752ea80fd3",
"logo":"https://avatars.githubusercontent.com/u/58679624?v=4",
"lives":[{"name":"初秋语•ipv4","type":0,"url":"./list.txt","playerType":2,"epg":"http://epg.112114.xyz/?ch={name}&date={date}","logo": "https://live.fanmingming.com/tv/{name}.png"},
{"name":"YanG•综合","type":0,"url":"https://tv.iill.top/m3u/Gather","ua": "okhttp/3.15","playerType":2,"epg":"http://epg.112114.xyz/?ch={name}&date={date}"},
{"name":"YanG•直播","type":0,"url":"https://tv.iill.top/m3u/Live","ua": "okhttp/3.15","playerType":2},
{"name":"YanG•体育","type":0,"url":"https://tv.iill.top/m3u/Sport","ua": "okhttp/3.15","playerType":2},
{"name":"范明明•ipv6","type":0,"url":"https://live.fanmingming.com/tv/m3u/ipv6.m3u","playerType":2,"epg":"http://epg.112114.xyz/?ch={name}&date={date}","logo":"https://epg.112114.xyz/logo/{name}.png"},
{"name":"YueChan•综合","type":0,"url":"https://github.moeyy.xyz/https://raw.githubusercontent.com/YueChan/Live/main/IPTV.m3u","playerType":1,"epg":"http://epg.112114.xyz/?ch={name}&date={date}","logo":"https://epg.112114.xyz/logo/{name}.png"},
{"name":"Yoursmile•综合","type":0,"url":"https://agit.ai/Yoursmile7/TVBox/raw/branch/master/live.txt","playerType":1,"epg":"http://epg.112114.xyz/?ch={name}&date={date}","logo":"https://epg.112114.xyz/logo/{name}.png"},
{"name":"MemoryC•综合","type":0,"url":"https://ghp.ci/raw.githubusercontent.com/MemoryCollection/IPTV/refs/heads/main/itvlist.m3u","playerType":1,"ua": "okhttp/3.15","epg":"http://epg.112114.xyz/?ch={name}&date={date}","logo": "https://epg.112114.xyz/logo/{name}.png"},
{"name":"肥猫•综合","type":0,"url":"http://我不是.肥猫.live/TV/tvzb.txt","playerType":1,"epg":"http://epg.112114.xyz/?ch={name}&date={date}","logo":"https://epg.112114.xyz/logo/{name}.png"},
{"name":"Ray•综合","type":0,"url":"https://github.moeyy.xyz/https://raw.githubusercontent.com/dxawi/0/main/tvlive.txt","playerType":1,"epg":"http://epg.112114.xyz/?ch={name}&date={date}","logo":"https://epg.112114.xyz/logo/{name}.png"},
{"name":"俊于•综合","type":0,"url":"http://home.jundie.top:81/Cat/tv/live.txt","playerType":1,"epg":"http://epg.112114.xyz/?ch={name}&date={date}","logo": "https://epg.112114.xyz/logo/{name}.png"},
{"name":"初秋语•电台","type":0,"url":"./radio.txt","playerType":1},
{"name":"范明明•电台1","type":0,"url":"https://github.moeyy.xyz/https://raw.githubusercontent.com/fanmingming/live/main/radio/m3u/fm.m3u","playerType":1},
{"name":"范明明•电台2","type":0,"url":"https://github.moeyy.xyz/https://raw.githubusercontent.com/fanmingming/live/main/radio/m3u/index.m3u","playerType":1},
{"name":"16万•MV","type":0,"url":"https://github.moeyy.xyz/https://raw.githubusercontent.com/lystv/short/main/影视/tvb/MTV.txt"},
{"name":"YuanHsing•油管","type":0,"url":"https://github.moeyy.xyz/https://raw.githubusercontent.com/YuanHsing/YouTube_to_m3u/main/youtube.m3u"}
],
"wallpaper":"https://深色壁纸.xxooo.cf/",
"sites":[
{"key":"豆豆","name":"豆瓣┃搜索","type": 3, "api": "csp_DouDou","searchable": 0,"quickSearch": 0,"filterable": 0},
{"key":"csp_YGP","name":"预告片┃新片","type":3,"api":"csp_YGP","searchable":1,"quickSearch":1,"changeable":0},
{"key":"csp_Bili","name":"哔哩┃合集","type":3,"api":"csp_Bili","searchable":1,"quickSearch":1,"style":{"type":"rect","ratio":1.597},"filterable":1,"changeable":0,"ext":"./json/chuqiuyu.json"},
{"key":"csp_xuexi","name":"哔哩┃课堂","type":"3","api":"csp_Bili","searchable":"0","quickSearch":"0","style":{"type":"rect","ratio":1.597},"filterable":"1","changeable":0,"ext":"./json/xuexi.json"},
{"key":"玩偶","name":"玩偶哥哥┃4K弹幕","type":3,"api":"csp_WoGG","searchable":1,"quickSearch":1,"changeable":0, "ext": {"Cloud-drive":"tvfan/Cloud-drive.txt","from":"4k|auto","siteUrl":"https://www.wogg.net/","danMu":"弹"}},
{"key":"lf_js_lf_live","name":"电视┃直播","type":3,"api":"./lib/lf_live_min.js","style":{ "type":"oval"},"searchable":1,"changeable":0,"quickSearch":1,"filterable":1,"ext":"./js/lf_live.txt"},

{"key":"926看球","name":"926┃看球","type":3,"api":"csp_kanqiu926","searchable":0,"changeable":0,"style":{"type":"list"}},
{"key":"88js","name":" 88┃看球","type":3,"api":"https://notabug.org/fantaiying/ext/raw/main/drpy2.min.js","ext":"https://notabug.org/fantaiying/ext/raw/main/88看球.js","style":{"type":"list"},"searchable": 0,"quickSearch": 0,"changeable":0},
{"key":"310js","name":" 310┃看球","type":3,"api":"https://notabug.org/fantaiying/ext/raw/main/drpy2.min.js","ext":"https://notabug.org/fantaiying/ext/raw/main/310直播.js","style":{"type":"list"},"searchable": 0,"quickSearch": 0,"changeable":0},
{"key":"Jrsjs","name":" Jrs┃球迷","type": 3,"api":"https://notabug.org/fantaiying/ext/raw/main/drpy2.min.js","ext":"https://notabug.org/fantaiying/ext/raw/main/jrk.js","style":{"type":"list"},"searchable": 0,"quickSearch": 0,"changeable":0},
{"key":"酷奇","name":"酷奇┃MV","type": 3,"api":"https://notabug.org/fantaiying/ext/raw/main/drpy2.min.js","ext":"https://notabug.org/fantaiying/ext/raw/main/酷奇MV.js","style":{"type":"rect","ratio":1.597},"searchable": 0,"quickSearch": 0,"changeable":0},
{"key":"MTV","name":"明星┃MV","type":3,"api":"csp_Bili","style":{"type":"rect","ratio":1.597},"searchable":0,"quickSearch":0,"changeable":0,"ext":{"json":"https://notabug.org/fantaiying/ext/raw/main/MTV.json"}},
{"key":"虎牙直播js","name":"虎牙┃直播","type":3,"api":"https://notabug.org/fantaiying/ext/raw/main/drpy2.js","ext":"https://notabug.org/fantaiying/ext/raw/main/huya2.js","style":{"type":"rect","ratio":1.755},"playerType":"2","searchable": 0,"quickSearch": 0,"changeable":0},
{"key":"斗鱼js","name":"斗鱼┃直播","type":3,"api":"https://notabug.org/fantaiying/ext/raw/main/drpy2.min.js","ext":"https://notabug.org/fantaiying/ext/raw/main/斗鱼直播.js","style":{"type":"rect","ratio":1.755},"playerType":"2","searchable": 0,"quickSearch": 0,"changeable":0},
{"key":"有声小说js","name":"有声┃小说","type":3,"api":"https://notabug.org/fantaiying/ext/raw/main/drpy2.min.js","ext":"https://notabug.org/fantaiying/ext/raw/main/有声小说吧.js","style":{"type":"rect","ratio":1},"searchable": 0,"quickSearch": 0,"changeable":0},
{"key":"Aid","name":"急救┃教学","type":3,"api":"csp_FirstAid","searchable":0,"quickSearch":0,"changeable":0,"style": { "type": "rect", "ratio":3.8}},

{"key":"alllive","name":"一直播┃直播","type":3,"api":"csp_Alllive","playerType":2,"searchable":0,"quickSearch":0,"changeable":0},
{"key":"米搜","name":"米盘┃搜搜","type":3,"api":"csp_MIPanSo","searchable":1,"quickSearch":1,"changeable":0,"ext": {"Cloud-drive":"tvfan/Cloud-drive.txt","from":"4k|auto"}},
{"key":"抠搜","name":"抠抠┃搜搜","type":3,"api":"csp_KkSs","searchable":1,"quickSearch":1,"changeable":0,"ext": {"Cloud-drive":"tvfan/Cloud-drive.txt","from":"4k|auto"}},
{"key":"Lib","name": "立播┃秒播","type": 3,"api": "csp_Libvio","searchable": 1,"quickSearch": 1,"changeable":1,"ext": {"Cloud-drive":"tvfan/Cloud-drive.txt","from":"4k|auto"}},
{"key":"文采","name":"文采┃秒播","type":3,"api":"csp_Jpys","playerType":2,"searchable":1,"quickSearch":1,"changeable":1},
{"key":"糯米","name":"糯米┃秒播","type":3,"api":"csp_Nmyswv","searchable":1,"quickSearch":1,"changeable":1},
{"key":"zxzj","name":"在线┃秒播","type":3,"api":"csp_Zxzj","timeout":15,"searchable":1,"quickSearch":1,"changeable":1,"ext":"https://www.zxzjhd.com/"},
{"key":"比特","name":"比特┃秒播","type":3,"api":"csp_Bttwoo","searchable":1,"quickSearch":1,"changeable":1},
{"key":"苹果","name":"苹果┃不卡","type":3,"api":"csp_LiteApple","searchable":1,"quickSearch":1,"changeable":1},
{"key":"厂长","name":"厂长┃不卡","type":3,"api":"csp_NewCz","playerType":2,"searchable":1,"quickSearch":1,"changeable":1,"ext": "https://www.czzy77.com/"},
{"key":"木星","name":"木星┃多线","type":3,"api":"csp_AppSx","searchable":1,"quickSearch":1,"changeable":1,"ext":"FbjDcUxPqpfNr0QF4QvE6sExbctTGI9OTT9b/fj1hQEfFo3ZpT7IjxyVo6ytU3boJSbS02op2WA9SGNlCJpscUJASIjSk1eTbWgFj3BY0O58XL66c3hoMFG1cCcjgoux+ibEY4c2WZ85pgVQ9BW3RV1NZ7a2+xJHJdcafyUM"},
{"key":"速播","name":"速播┃多线","type":3,"api":"csp_AppSx","searchable":1,"quickSearch":1,"changeable":1,"ext":"FbjDcUxPqpfNr0QF4QvEpcoxb5sQXd8GDXUTvbqvx0peQcuZ7GvQ0UGD/a2mS238cHqYkiBgwCduCiYrTZJtbwdDUt/L2w/LOWADxikKl6I8Cqz6OD9lIxS2anA6ytO6"},
{"key":"热播","name":"热播┃多线","type":3,"api":"csp_AppTT","playerType":2,"searchable":1,"quickSearch":1,"changeable":1,"ext":"AO7TcBkd8I/B5wQc4Qma+pU="},
{"key":"南瓜","name":"南瓜┃多线","type":3,"api":"csp_NanGua","playerType":2,"searchable":1,"quickSearch":1,"changeable":1},
{"key":"萌米","name":"萌米┃多线","type":3,"api":"csp_AppTT","playerType":2,"searchable":1,"quickSearch":1,"changeable":1,"ext":"AO7TcBkd8Iifux0Y8Qze6tVlMg=="},
{"key":"欢视","name":"欢视┃多线","type":3,"api":"csp_AppTT","playerType":2,"searchable":1,"quickSearch":1,"changeable":1,"ext":"AO7TcBkd8IPB+BwH4Qma+opv"},
{"key":"可可","name":"可可┃多线","type":3,"api":"csp_Kekys","playerType":2,"searchable":1,"quickSearch":1,"changeable":1},
{"key":"贱贱","name":"贱贱┃P2P","type":3,"searchable":1,"quickSearch":1,"changeable":1,"playerType":"1","api":"https://notabug.org/fantaiying/ext/raw/main/drpy2.min.js","ext":"https://notabug.org/fantaiying/ext/raw/main/jp.js"},
{"key":"Auete","name":"奥特┃无广","type": 3,"api":"csp_Auete","timeout":15,"searchable":1,"quickSearch":1,"changeable":1,"ext":"https://auete.com/"}, 
{"key":"新6V","name":"新6V┃磁力","type":3,"api":"csp_SixV","searchable":1,"quickSearch":1,"changeable":0,"ext": "https://www.xb6v.com/"},
{"key":"短剧","name":"上头┃短剧","type":3,"api":"csp_Djtt","searchable":1,"quickSearch":1,"changeable":1},
{"key":"Dm84","name":"巴士┃动漫","type":3,"api":"csp_Dm84","searchable":1,"quickSearch":1,"changeable":1},
{"key":"Ysj","name":"异界┃动漫","type":3,"api":"csp_Ysj","searchable":1,"quickSearch":1,"changeable":1},
{"key":"Anime1","name":"日本┃动漫","type": 3,"api": "csp_Anime1","searchable": 1,"quickSearch": 1,"changeable":1},

{"key":"Sso","name":"盘他┃三盘","type":3,"api":"csp_PanSso","searchable":1,"quickSearch":1,"changeable":0,"ext": {"Cloud-drive":"tvfan/Cloud-drive.txt","from":"4k|auto"}},
{"key":"夸搜","name":"夸搜┃狸夸","type":3,"api":"csp_PanSearch","searchable":1,"quickSearch":1,"changeable":0,"ext": {"pan":"quark","Cloud-drive":"tvfan/Cloud-drive.txt","from":"4k|auto"}},
{"key":"YiSo","name":"易搜┃阿狸","type":3,"api":"csp_YiSo","searchable":1,"quickSearch":1,"changeable":0,"ext": {"Cloud-drive":"tvfan/Cloud-drive.txt","from":"4k|auto"}},
{"key":"PanSearch","name":"盘Se┃阿狸","type":3,"api":"csp_PanSearch","searchable":1,"quickSearch":1,"changeable":0,"ext": {"Cloud-drive":"tvfan/Cloud-drive.txt","from":"4k|auto"}},
{"key":"push_agent","name":"手机┃推送","type":3,"api":"csp_Push","searchable":0,"quickSearch":0,"ext": {"Cloud-drive":"tvfan/Cloud-drive.txt","from":"4k|auto"}},

{"key":"csp_AList","name":"AList┃网盘","type":"3","api":"csp_AList","searchable":"0","quickSearch":"0","filterable":"1","changeable":0,"ext":"./json/alist.json"},
{"key":"新6V","name":"新6V磁力┃慎用","type":3,"api":"csp_SixV","searchable":1,"quickSearch":1,"changeable":0,"ext": "http://www.xb6v.com/","timeout":60},
{"key":"百度","name":"百度┃采集","type":1,"api":"https://api.apibdzy.com/api.php/provide/vod?ac=list","searchable":1,"filterable":0,"categories":["国产动漫","日韩动漫","大陆剧","欧美剧","韩剧","日剧","动作片","喜剧片","爱情片","科幻片","恐怖片","剧情片","战争片"]},
{"key":"量子","name":"量子┃采集","type":0,"api":"https://cj.lziapi.com/api.php/provide/vod/at/xml/","searchable":1,"changeable":1,"categories":["国产动漫","日韩动漫","国产剧","韩国剧","日本剧","电影片","连续剧","综艺片","动漫片","动作片","喜剧片","爱情片","科幻片","恐怖片","剧情片","战争片","台湾剧","香港剧","欧美剧","记录片","海外剧","泰国剧","大陆综艺","港台综艺","日韩综艺","欧美综艺","欧美动漫","港台动漫","海外动漫","体育","足球","篮球","网球","斯诺克"]},
{"key":"非凡","name":"非凡┃采集","type":0,"api":"http://cj.ffzyapi.com/api.php/provide/vod/at/xml/","searchable":1,"changeable":1,"categories":["国产动漫","日韩动漫","国产剧","韩国剧","日本剧","电影片","连续剧","综艺片","动漫片","动作片","喜剧片","爱情片","科幻片","恐怖片","剧情片","战争片","香港剧","欧美剧","记录片","台湾剧","海外剧","泰国剧","大陆综艺","港台综艺","日韩综艺","欧美综艺","欧美动漫","港台动漫","海外动漫"]},
{"key":"haiwaikan","name":"海外看┃采集","type":1,"api":"https://haiwaikan.com/api.php/provide/vod","searchable":1,"changeable":1},
{"key":"暴風","name":"暴風┃采集","type":1,"api":"https://bfzyapi.com/api.php/provide/vod","searchable":1,"changeable":1},
{"key":"索尼","name":"索尼┃采集","type":1,"api":"https://suoniapi.com/api.php/provide/vod","searchable":1,"changeable":1},
{"key":"快帆","name":"快帆┃采集","type":1,"api":"https://api.kuaifan.tv/api.php/provide/vod","searchable":1,"changeable":1},

{"key":"drpy_js_360影视","name":"官源┃360[js]","type":3,"api":"./lib/drpy2.min.js","ext":"./js/360影视.js"},
{"key":"drpy_js_奇珍异兽","name":"官源┃爱奇艺[js]","type":3,"api":"./lib/drpy2.min.js","ext":"./js/奇珍异兽.js"},
{"key":"drpy_js_百忙无果","name":"官源┃芒果[js]","type":3,"api":"./lib/drpy2.min.js","ext":"./js/百忙无果.js"},
{"key":"drpy_js_腾云驾雾","name":"官源┃腾讯[js]","type":3,"api":"./lib/drpy2.min.js","ext":"./js/腾云驾雾.js"},
{"key":"drpy_js_菜狗","name":"官源┃搜狗[js]","type":3,"api":"./lib/drpy2.min.js","ext":"./js/菜狗.js"},
{"key":"drpy_js_优酷","name":"官源┃优酷[js]","type":3,"api":"./lib/drpy2.min.js","ext":"./js/优酷.js"},
{"key":"drpy_js_我的哔哩","name":"弹幕┃我的哔哩[js]","type":3,"api":"./lib/drpy2.min.js","style":{"type":"rect","ratio":1.597},"changeable":0,"ext":"./js/我的哔哩.js"},
{"key":"drpy_js_哔哩直播","name":"弹幕┃哔哩直播[js]","type":3,"api":"./lib/drpy2.min.js","style":{"type":"rect","ratio":1.597},"changeable":0,"ext":"./js/哔哩直播.js"},
{"key":"drpy_js_JustLive","name":"直播┃JustLive[js]","type":3,"api":"./lib/drpy2.min.js","style":{"type":"rect","ratio":1.597},"changeable":0,"ext":"./js/JustLive.js"},
{"key":"drpy_js_斗鱼直播","name":"直播┃斗鱼[js]","type":3,"api":"./lib/drpy2.min.js","style":{"type":"rect","ratio":1.597},"changeable":0,"ext":"./js/斗鱼直播.js"},
{"key":"drpy_js_虎牙直播","name":"直播┃虎牙[js]","type":3,"api":"./lib/drpy2.min.js","style":{"type":"rect","ratio":1.597},"changeable":0,"ext":"./js/虎牙直播.js"},
{"key":"drpy_js_童趣","name":"少儿┃童趣[js]","type":3,"api":"./lib/drpy2.min.js","changeable":0,"ext":"./js/童趣.js"},
{"key":"drpy_js_兔小贝","name":"少儿┃兔小贝[js]","type":3,"api":"./lib/drpy2.min.js","changeable":0,"ext":"./js/兔小贝.js"},
{"key":"drpy_js_AnFuns","name":"动漫┃AnFuns[js]","type":3,"api":"./lib/drpy2.min.js","ext":"./js/AnFuns.js"},
{"key":"drpy_js_NT动漫","name":"动漫┃NT动漫[js]","type":3,"api":"./lib/drpy2.min.js","ext":"./js/NT动漫.js"},
{"key":"drpy_js_NyaFun","name":"动漫┃NyaFun[js]","type":3,"api":"./lib/drpy2.min.js","ext":"./js/NyaFun.js"},
{"key":"drpy_js_i275听书","name":"听书┃i275听书[js]","type":3,"api":"./lib/drpy2.min.js","changeable":0,"style":{"type":"rect","ratio":1},"ext":"./js/i275听书.js"},
{"key":"drpy_js_爱上你听书网","name":"听书┃爱上你听书[js]","type":3,"api":"./lib/drpy2.min.js","changeable":0,"style":{"type":"rect","ratio":1},"ext":"./js/爱上你听书网.js"},
{"key":"drpy_js_博看听书","name":"听书┃博看听书[js]","type":3,"api":"./lib/drpy2.min.js","changeable":0,"style":{"type":"rect","ratio":1},"ext":"./js/博看听书.js"},
{"key":"有声小说js","name":"听书┃有声小说[js]","type":3,"api":"./lib/drpy2.min.js","ext":"./js/有声小说吧.js","style":{"type":"rect","ratio":1},"searchable": 0,"quickSearch": 0,"changeable":0},
{"key":"drpy_js_评书随身听","name":"评书┃评书随身听[js]","type":3,"api":"./lib/drpy2.min.js","changeable":0,"ext":"./js/评书随身听.js"},
{"key":"drpy_js_相声随身听","name":"相声┃相声随身听[js]","type":3,"api":"./lib/drpy2.min.js","changeable":0,"ext":"./js/相声随身听.js"},
{"key":"drpy_js_好趣网","name":"电视┃好趣网[js]","type":3,"api":"./lib/drpy2.min.js","changeable":0,"style":{ "type":"oval", "ratio":1.1 },"ext":"./js/好趣网.js"},
{"key":"drpy_js_广播迷FM","name":"广播┃广播迷FM[js]","type":3,"api":"./lib/drpy2.min.js","changeable":0,"ext":"./js/广播迷FM.js"},
{"key":"drpy_js_蜻蜓FM","name":"广播┃蜻蜓FM[js]","type":3,"api":"./lib/drpy2.min.js","changeable":0,"ext":"./js/蜻蜓FM.js"},
{"key":"drpy_js_DJ音乐","name":"音频┃DJ音乐[js]","type":3,"api":"./lib/drpy2.min.js","changeable":0,"ext":"./js/DJ音乐.js"},
{"key":"drpy_js_短视频","name":"聚合┃短视频[js]","type":3,"api":"./lib/drpy2.min.js","changeable":0,"ext":"./js/短视频.js"},
{"key":"drpy_js_酷6网","name":"聚合┃酷6网[js]","type":3,"api":"./lib/drpy2.min.js","changeable":0,"ext":"./js/酷6网.js"},
{"key":"drpy_js_网易公版影像","name":"聚合┃网易公版[js]","type":3,"api":"./lib/drpy2.min.js","changeable":0,"ext":"./js/网易公版影像.js"},
{"key":"drpy_js_酷奇MV","name":"MV┃酷奇[js]","type":3,"api":"./lib/drpy2.min.js","changeable":0,"ext":"./js/酷奇MV.js"},

{"key":"bb","name":"配置接口完全免费","type":3,"api":"./lib/drpy2.min.js","ext":"./js/drpy.js"},
{"key":"cc","name":"请勿相信视频中任何广告","type":3,"api":"./lib/drpy2.min.js","ext":"./js/drpy.js"}
],
"parses":[
{"name":"Json聚合","type":3,"url":"Demo"},
{"name":"虾米","type":0,"url":"https://jx.xmflv.com/?url=","ext":{"flag":["qq","腾讯","qiyi","爱奇艺","奇艺","youku","优酷","sohu","搜狐","letv","乐视","mgtv","芒果","imgo","rx","ltnb","bilibili","1905","xigua"]}},
{"name":"PM","url":"https://www.playm3u8.cn/jiexi.php?url=","type":0,"ext":{"flag":["qiyi","imgo","爱奇艺","奇艺","qq","腾讯","youku","优酷","pptv","PPTV","letv","乐视","leshi","bilibili","哔哩哔哩","哔哩","mgtv","芒果","sohu","xigua","fun","风行"],"header":{"User-Agent":"Mozilla/5.0"}},"header":{"User-Agent":"Mozilla/5.0"}},
{"name":"m3u8","type":0,"url":"https://jx.m3u8.tv/jiexi/?url="},
{"name":"8090","url":"https://www.8090.la/8090/?url=","type":0,"ext":{"flag":["qiyi","imgo","爱奇艺","奇艺","qq","腾讯","youku","优酷","pptv","PPTV","letv","乐视","leshi","bilibili","哔哩哔哩","哔哩","mgtv","芒果","sohu","xigua","fun","风行"],"header":{"User-Agent":"Mozilla/5.0"}},"header":{"User-Agent":"Mozilla/5.0"}},
{"name":"看看","type":0,"url":"https://jx.m3u8.pw/?url="},
{"name":"咸鱼","type":0,"url":"https://jx.xyflv.cc/?url=","ext":{"header":{"user-agent":"Mozilla/5.0(Linux;Android13;V2049ABuild/TP1A.220624.014;wv)AppleWebKit/537.36(KHTML,likeGecko)Version/4.0Chrome/116.0.0.0MobileSafari/537.36","referer":"https://www.xyflv.cc/"}}},
{"name":"云解析","type":0,"url":"https://jx.yparse.com/index.php?url=","ext":{"header":{"user-agent":"Mozilla/5.0(Linux;Android13;V2049ABuild/TP1A.220624.014;wv)AppleWebKit/537.36(KHTML,likeGecko)Version/4.0Chrome/116.0.0.0MobileSafari/537.36"}}},
{"name":"爱豆","type":0,"url":"https://jx.aidouer.net/?url=","ext":{"header":{"user-agent":"Mozilla/5.0(Linux;Android13;V2049ABuild/TP1A.220624.014;wv)AppleWebKit/537.36(KHTML,likeGecko)Version/4.0Chrome/116.0.0.0MobileSafari/537.36","referer":"https://jiejie.uk/"}}},
{"name":"巧技","type":1,"url":"http://pan.qiaoji8.com/tvbox/neibu.php?url=","ext":{"flag":["qq","腾讯","qiyi","爱奇艺","奇艺","youku","优酷","sohu","搜狐","letv","乐视","mgtv","芒果","tnmb","seven","bilibili","1905"],"header":{"User-Agent":"okhttp/4.9.1"}}},
{"name":"巧技二","type":1,"url":"http://pan.qiaoji8.com/tvbox/gouzi.php?url=","ext":{"flag":["qq","腾讯","qiyi","爱奇艺","奇艺","youku","优酷","sohu","搜狐","letv","乐视","mgtv","芒果","tnmb","seven","bilibili","1905","NetFilx"],"header":{"User-Agent":"okhttp/4.9.1"}}}
],
"flags":["youku","优酷","优 酷","优酷视频", "qq","腾讯","腾 讯","腾讯视频", "iqiyi", "qiyi","奇艺","爱奇艺","爱 奇 艺", "m1905", "xigua", "letv","leshi","乐视","乐 视", "sohu","搜狐","搜 狐","搜狐视频", "tudou","mgtv","芒果","imgo","芒果TV","芒 果 T V", "bilibili","哔 哩","哔 哩 哔 哩","SPA","YuMi-vip","pptv","PPTV","ltnb","rx","SLYS4k","tucheng","BYGA","luanzi","dxzy","QEYSS","aliyun","AliS","122","chuangying","CL4K","xfyun","wuduzy","wasu","renrenmi","ppayun","haiwaikan","cool","dbm3u8","xmm","funshion","ruyi1080","ruyib1080"],
"doh":[{"name":"Google","url":"https://dns.google/dns-query","ips":["8.8.4.4","8.8.8.8"]},{"name":"Cloudflare","url":"https://cloudflare-dns.com/dns-query","ips":["1.1.1.1","1.0.0.1","2606:4700:4700::1111","2606:4700:4700::1001"]},{"name":"AdGuard","url":"https://dns.adguard.com/dns-query","ips":["94.140.14.140","94.140.14.141"]},{"name":"DNSWatch","url":"https://resolver2.dns.watch/dns-query","ips":["84.200.69.80","84.200.70.40"]},{"name":"Quad9","url":"https://dns.quad9.net/dns-quer","ips":["9.9.9.9","149.112.112.112"]}],
"rules":[
{"name":"kk","hosts":["kuaikan"],"regex":["5","20.123","20.167","#EXT-X-DISCONTINUITY\\r*\\n*((?!#EXT-X-DISCONTINUITY)[\\s\\S])*?#EXT-X-KEY:METHOD((?!#EXT-X-DISCONTINUITY)[\\s\\S])*?#EXT-X-DISCONTINUITY"]},
{"name":"yqk","hosts":["yqk"],"regex":["18.4","15.1666","#EXT-X-DISCONTINUITY\\r*\\n*((?!#EXT-X-DISCONTINUITY)[\\s\\S])*?#EXT-X-CUE-OUT((?!#EXT-X-DISCONTINUITY)[\\s\\S])*?#EXT-X-CUE-IN"]},
{"name":"sn","hosts":["suonizy"],"regex":["#EXTINF.*?\\s+.*?original.*?\\.ts\\s+","15.1666","15.2666","16.3333","15.266667"]},
{"name":"bf","hosts":["bfzy"],"regex":["#EXT-X-DISCONTINUITY\\r*\\n*#EXTINF:3,[\\s\\S]*?#EXT-X-DISCONTINUITY"]},
{"name":"xx","hosts":["aws.ulivetv.net"],"regex":["#EXT-X-DISCONTINUITY\\r*\\n*#EXTINF:8,[\\s\\S]*?#EXT-X-DISCONTINUITY"]},
{"name":"lz","hosts":["vip.lz","hd.lz","v.cdnlz","yzzy1.play"],"regex":["18.5333","19.52","18.6666"]},
{"name":"ff","hosts":["vip.ffzy","hd.ffzy","ffzy"],"regex":["25.0666","25.08","20.52","25.1","25.1999"]},
{"name":"hs","hosts":["huoshan.com"],"regex":["item_id="]},
{"name":"dy","hosts":["douyin.com"],"regex":["is_play_url="]},
{"name":"nm","hosts":["toutiaovod.com"],"regex":["video/tos/cn"]},
{"name":"cl","hosts":["magnet"],"regex":["最 新","直 播","更 新"]}
]
}
