{
"spider":"./jar/fan.txt;md5;9a4e27dc8671d07587f5cb752ea80fd3",
"wallpaper":"https://深色壁纸.xxooo.cf/",

"sites":[
{"key":"豆豆","name":"备用公众号【叨观荐影】","type": 3, "api": "csp_DouDou","searchable": 0,"quickSearch": 0,"filterable": 0},
{"key":"玩偶","name":"👽玩偶哥哥┃4K弹幕","type":3,"api":"csp_WoGG","searchable":1,"quickSearch":1,"changeable":0, "ext": {"Cloud-drive":"tvfan/Cloud-drive.txt","from":"4k|auto","siteUrl":"https://www.wogg.net/","danMu":"弹"}},
{"key":"YGP","name":"🚀叨观荐影┃新片","type":3,"api":"csp_YGP","searchable":0,"quickSearch":0,"changeable":0},
{"key":"alllive","name":"📽️一直播┃直播","type":3,"api":"csp_Alllive","playerType":2,"searchable":0,"quickSearch":0,"changeable":0},
{"key":"米搜","name":"🦋米盘┃搜搜","type":3,"api":"csp_MIPanSo","searchable":1,"quickSearch":1,"changeable":0,"ext": {"Cloud-drive":"tvfan/Cloud-drive.txt","from":"4k|auto"}},
{"key":"抠搜","name":"🍄抠抠┃搜搜","type":3,"api":"csp_KkSs","searchable":1,"quickSearch":1,"changeable":0,"ext": {"Cloud-drive":"tvfan/Cloud-drive.txt","from":"4k|auto"}},
{"key":"Lib","name": "🌟立播┃秒播","type": 3,"api": "csp_Libvio","searchable": 1,"quickSearch": 1,"changeable":1,"ext": {"Cloud-drive":"tvfan/Cloud-drive.txt","from":"4k|auto"}},
{"key":"文采","name":"💮文采┃秒播","type":3,"api":"csp_Jpys","playerType":2,"searchable":1,"quickSearch":1,"changeable":1},
{"key":"糯米","name":"🍓糯米┃秒播","type":3,"api":"csp_Nmyswv","searchable":1,"quickSearch":1,"changeable":1},
{"key":"zxzj","name":"🍊在线┃秒播","type":3,"api":"csp_Zxzj","timeout":15,"searchable":1,"quickSearch":1,"changeable":1,"ext":"https://www.zxzjhd.com/"},
{"key":"比特","name":"🍄比特┃秒播","type":3,"api":"csp_Bttwoo","searchable":1,"quickSearch":1,"changeable":1},
{"key":"苹果","name":"🍎苹果┃不卡","type":3,"api":"csp_LiteApple","searchable":1,"quickSearch":1,"changeable":1},
{"key":"厂长","name":"📔厂长┃不卡","type":3,"api":"csp_NewCz","playerType":2,"searchable":1,"quickSearch":1,"changeable":1,"ext": "https://www.czzy77.com/"},
{"key":"木星","name":"🌞木星┃多线","type":3,"api":"csp_AppSx","searchable":1,"quickSearch":1,"changeable":1,"ext":"FbjDcUxPqpfNr0QF4QvE6sExbctTGI9OTT9b/fj1hQEfFo3ZpT7IjxyVo6ytU3boJSbS02op2WA9SGNlCJpscUJASIjSk1eTbWgFj3BY0O58XL66c3hoMFG1cCcjgoux+ibEY4c2WZ85pgVQ9BW3RV1NZ7a2+xJHJdcafyUM"},
{"key":"速播","name":"⏮️速播┃多线","type":3,"api":"csp_AppSx","searchable":1,"quickSearch":1,"changeable":1,"ext":"FbjDcUxPqpfNr0QF4QvEpcoxb5sQXd8GDXUTvbqvx0peQcuZ7GvQ0UGD/a2mS238cHqYkiBgwCduCiYrTZJtbwdDUt/L2w/LOWADxikKl6I8Cqz6OD9lIxS2anA6ytO6"},
{"key":"热播","name":"📺热播┃多线","type":3,"api":"csp_AppTT","playerType":2,"searchable":1,"quickSearch":1,"changeable":1,"ext":"AO7TcBkd8I/B5wQc4Qma+pU="},
{"key":"南瓜","name":"🎃南瓜┃多线","type":3,"api":"csp_NanGua","playerType":2,"searchable":1,"quickSearch":1,"changeable":1},
{"key":"萌米","name":"👀萌米┃多线","type":3,"api":"csp_AppTT","playerType":2,"searchable":1,"quickSearch":1,"changeable":1,"ext":"AO7TcBkd8Iifux0Y8Qze6tVlMg=="},

{"key":"欢视","name":"👓欢视┃多线","type":3,"api":"csp_AppTT","playerType":2,"searchable":1,"quickSearch":1,"changeable":1,"ext":"AO7TcBkd8IPB+BwH4Qma+opv"},
{"key":"可可","name":"👻可可┃多线","type":3,"api":"csp_Kekys","playerType":2,"searchable":1,"quickSearch":1,"changeable":1},
{"key":"贱贱","name":"🐭贱贱┃P2P","type":3,"searchable":1,"quickSearch":1,"changeable":1,"playerType":"1","api":"https://notabug.org/fantaiying/ext/raw/main/drpy2.min.js","ext":"https://notabug.org/fantaiying/ext/raw/main/jp.js"},
{"key":"Auete","name":"🏝奥特┃无广","type": 3,"api":"csp_Auete","timeout":15,"searchable":1,"quickSearch":1,"changeable":1,"ext":"https://auete.com/"}, 
{"key":"新6V","name":"🧲新6V┃磁力","type":3,"api":"csp_SixV","searchable":1,"quickSearch":1,"changeable":0,"ext": "https://www.xb6v.com/"},
{"key":"短剧","name":"🌈上头┃短剧","type":3,"api":"csp_Djtt","searchable":1,"quickSearch":1,"changeable":1},
{"key":"Dm84","name":"🚌巴士┃动漫","type":3,"api":"csp_Dm84","searchable":1,"quickSearch":1,"changeable":1},
{"key":"Ysj","name":"🎀异界┃动漫","type":3,"api":"csp_Ysj","searchable":1,"quickSearch":1,"changeable":1},
{"key":"Anime1","name":"🐾日本┃动漫","type": 3,"api": "csp_Anime1","searchable": 1,"quickSearch": 1,"changeable":1},

{"key":"926看球","name":"⚽926┃看球","type":3,"api":"csp_kanqiu926","searchable":0,"changeable":0,"style":{"type":"list"}},
{"key":"88js","name":"⚽ 88┃看球","type":3,"api":"https://notabug.org/fantaiying/ext/raw/main/drpy2.min.js","ext":"https://notabug.org/fantaiying/ext/raw/main/88看球.js","style":{"type":"list"},"searchable": 0,"quickSearch": 0,"changeable":0},
{"key":"310js","name":"⚽ 310┃看球","type":3,"api":"https://notabug.org/fantaiying/ext/raw/main/drpy2.min.js","ext":"https://notabug.org/fantaiying/ext/raw/main/310直播.js","style":{"type":"list"},"searchable": 0,"quickSearch": 0,"changeable":0},
{"key":"Jrsjs","name":"⚽ Jrs┃球迷","type": 3,"api":"https://notabug.org/fantaiying/ext/raw/main/drpy2.min.js","ext":"https://notabug.org/fantaiying/ext/raw/main/jrk.js","style":{"type":"list"},"searchable": 0,"quickSearch": 0,"changeable":0},
{"key":"酷奇","name":"🎤酷奇┃MV","type": 3,"api":"https://notabug.org/fantaiying/ext/raw/main/drpy2.min.js","ext":"https://notabug.org/fantaiying/ext/raw/main/酷奇MV.js","style":{"type":"rect","ratio":1.597},"searchable": 0,"quickSearch": 0,"changeable":0},
{"key":"MTV","name":"🎧明星┃MV","type":3,"api":"csp_Bili","style":{"type":"rect","ratio":1.597},"searchable":0,"quickSearch":0,"changeable":0,"ext":{"json":"https://notabug.org/fantaiying/ext/raw/main/MTV.json"}},


{"key":"虎牙直播js","name":"🐯虎牙┃直播","type":3,"api":"https://notabug.org/fantaiying/ext/raw/main/drpy2.js","ext":"https://notabug.org/fantaiying/ext/raw/main/huya2.js","style":{"type":"rect","ratio":1.755},"playerType":"2","searchable": 0,"quickSearch": 0,"changeable":0},
{"key":"斗鱼js","name":"🐟斗鱼┃直播","type":3,"api":"https://notabug.org/fantaiying/ext/raw/main/drpy2.min.js","ext":"https://notabug.org/fantaiying/ext/raw/main/斗鱼直播.js","style":{"type":"rect","ratio":1.755},"playerType":"2","searchable": 0,"quickSearch": 0,"changeable":0},
{"key":"有声小说js","name":"🎧有声┃小说","type":3,"api":"https://notabug.org/fantaiying/ext/raw/main/drpy2.min.js","ext":"https://notabug.org/fantaiying/ext/raw/main/有声小说吧.js","style":{"type":"rect","ratio":1},"searchable": 0,"quickSearch": 0,"changeable":0},
{"key":"Aid","name":"🚑急救┃教学","type":3,"api":"csp_FirstAid","searchable":0,"quickSearch":0,"changeable":0,"style": { "type": "rect", "ratio":3.8}},

{"key":"Sso","name":"🐌盘他┃三盘","type":3,"api":"csp_PanSso","searchable":1,"quickSearch":1,"changeable":0,"ext": {"Cloud-drive":"tvfan/Cloud-drive.txt","from":"4k|auto"}},
{"key":"夸搜","name":"🐟夸搜┃狸夸","type":3,"api":"csp_PanSearch","searchable":1,"quickSearch":1,"changeable":0,"ext": {"pan":"quark","Cloud-drive":"tvfan/Cloud-drive.txt","from":"4k|auto"}},
{"key":"YiSo","name":"😹易搜┃阿狸","type":3,"api":"csp_YiSo","searchable":1,"quickSearch":1,"changeable":0,"ext": {"Cloud-drive":"tvfan/Cloud-drive.txt","from":"4k|auto"}},
{"key":"PanSearch","name":"🙀盘Se┃阿狸","type":3,"api":"csp_PanSearch","searchable":1,"quickSearch":1,"changeable":0,"ext": {"Cloud-drive":"tvfan/Cloud-drive.txt","from":"4k|auto"}},
{"key":"push_agent","name":"🛴手机┃推送","type":3,"api":"csp_Push","searchable":0,"quickSearch":0,"ext": {"Cloud-drive":"tvfan/Cloud-drive.txt","from":"4k|auto"}},

{"key":"Bili","name":"🅱哔哔合集┃弹幕","type": 3,"api": "csp_Bili","style":{"type":"rect","ratio":1.597},"searchable":1,"quickSearch":0,"changeable":0,"ext":{"json":"https://notabug.org/fantaiying/ext/raw/main/bilibili.json"}},
{"key":"Biliych","name":"🅱哔哔演唱会┃弹幕","type": 3,"api": "csp_Bili","style":{"type":"rect","ratio":1.597},"searchable":1,"quickSearch":0,"changeable":0,"ext":{"json":"https://notabug.org/fantaiying/ext/raw/main/biliych.json"}},
{"key":"dr_兔小贝","name":"📚儿童┃启蒙","type":3,"api":"https://notabug.org/fantaiying/ext/raw/main/drpy2.min.js","ext":"https://notabug.org/fantaiying/ext/raw/main/%E5%85%94%E5%B0%8F%E8%B4%9D.js","style":{"type":"rect","ratio":1.597},"searchable": 0,"quickSearch": 0,"changeable":0},
{"key":"少儿教育","name":"📚少儿┃教育","type":3,"api":"csp_Bili","style":{"type":"rect","ratio":1.597},"searchable":0,"quickSearch":0,"changeable":0,"ext":{"json":"https://notabug.org/fantaiying/ext/raw/main/少儿教育.json"}},
{"key":"小学课堂","name":"📚小学┃课堂","type":3,"api":"csp_Bili","style":{"type":"rect","ratio":1.597},"searchable":0,"quickSearch":0,"changeable":0,"ext":{"json":"https://notabug.org/fantaiying/ext/raw/main/小学课堂.json"}},
{"key":"初中课堂","name":"📚初中┃课堂","type":3,"api":"csp_Bili","style":{"type":"rect","ratio":1.597},"searchable":0,"quickSearch":0,"changeable":0,"ext":{"json":"https://notabug.org/fantaiying/ext/raw/main/初中课堂.json"}},
{"key":"高中教育","name":"📚高中┃课堂","type":3,"api":"csp_Bili","style":{"type":"rect","ratio":1.597},"searchable":0,"quickSearch":0,"changeable":0,"ext":{"json":"https://notabug.org/fantaiying/ext/raw/main/高中课堂.json"}},
{"key":"fan","name":"导航 www.饭太硬.com","type":3,"api":"csp_XPath","searchable":1,"quickSearch":0,"changeable":0},
{"key":"cc","name":"请勿相信视频中广告","type":3,"api":"csp_XPath","searchable":1,"quickSearch":0,"changeable":0}
],

"logo":"https://fs-im-kefu.7moor-fs1.com/ly/4d2c3f00-7d4c-11e5-af15-41bf63ae4ea0/1716545739254/fc1b89e152cd4aa28d295107cb6c56c9.gif",
"lives":[
{"name":"IPV4","type":0,"url":"https://ghp.ci/raw.githubusercontent.com/MemoryCollection/IPTV/refs/heads/main/itvlist.m3u","playerType":1},
{"name":"IPV6①","type":0,"url":"https://ghp.ci/https://raw.githubusercontent.com/fanmingming/live/refs/heads/main/tv/m3u/ipv6.m3u","playerType":1},
{"name":"IPV6②","type":0,"url":"https://ghp.ci/https://raw.githubusercontent.com/wwb521/live/main/tv.m3u","playerType":1,"logo": "https://live.fanmingming.com/tv/{name}.png"},
{"name":"平台直播","type":0,"url":"https://tv.iill.top/m3u/Live","ua": "okhttp/3.15","playerType":2 }
]
}
