{
"spider":"./jar/pg23a94bb.jar;md5;73b12022e75e5139dc39e9690727021c",
"logo":"https://cdn.pixabay.com/photo/2020/08/09/11/43/woman-5475306_1280.jpg",
"lives":[{"name":"初秋语","type":0,"url":"./listx.txt"},
{"name":"糖意","type":0,"url":"https://wp.weikete.cc/down.php/c3eecc14547f5e1e468718148c9f762f.txt","playerType":1,"epg":"http://epg.112114.xyz/?ch={name}&date={date}","logo":"https://epg.112114.xyz/logo/{name}.png","pass":true},
{"name":"YanG","type":0,"url":"https://fongmi.cachefly.net/YanG-1989/m3u/main/Adult.m3u"},
{"name":"atsushi","type":0,"url":"https://fongmi.cachefly.net/atsushi444/iptv-epg/main/Adult.m3u"},
{"name":"小武哥","type":0,"url":"https://qu.ax/PEHy.txt"},
{"name":"AV","type":0,"url":"./livex.m3u"},
{"name":"直播","type":0,"url":"https://fongmi.cachefly.net/YanG-1989/m3u/main/XX.m3u"}
],
"wallpaper":"https://liu.chuqiuyu.workers.dev",
"sites":[
{"key":"lf_js_search","name":"搜索","type":3,"searchable":0,"changeable":1,"quickSearch":0,"filterable":0,"api":"./lib/lf_search3_min.js","indexs":1,"ext":"18+"},
{"key":"lf_js_p2p","name":"磁力","type":3,"searchable":1,"changeable":1,"quickSearch":1,"filterable":1,"api":"./lib/lf_p2p2_min.js","ext":"18+","timeout":60},
{"key":"lf_js_lf_live","name":"直播","type":3,"api":"./lib/lf_live_min.js","style":{ "type":"oval"},"searchable":1,"changeable":0,"quickSearch":1,"filterable":1,"ext":"./js/lf_live1.txt"},
{"key":"Youtube","name":"Youtube","type":3,"api": "csp_Youtube","searchable": 1,"quickSearch": 0,"changeable": 0,"ext":{"token":"./lib/token.json","json":"./json/youtube1.json","type":"直播#新闻#剧集#电影#综艺#纪录片#音乐#体育#动物#风光#放松#4K#HDR#movie#music#documentary#bbc documentary#national geographic documentary","proxy":"socks5://127.0.0.1:10172","keywords":"排行榜,HOT,TRENDS,热门话题,热门趋势,热门综艺,热门电影,热门电视剧,小姐姐","codecs":"","danmu":true},"style": {"type": "rect","ratio": 1.77}},
{"key":"配置中心","name":"配置中心","type":3,"api":"csp_Config","searchable":0,"changeable":0,"style":{"type":"rect","ratio":1.5},"ext":"./lib/token.json"},
{"key":"PushShare","name":"资源分享","type":3, "api":"csp_PushShare","searchable":1,"quickSearch":1, "changeable":1, "filterable":0, "timeout":60, "ext":"./lib/token.json$$$./json/pushshare.a.txt$$$db$$$1","style": {"type": "list"}},
{"key":"PikPakShare","name":"PikPak","type":3,"api":"csp_PikPakShare","searchable":1,"quickSearch":1, "changeable":0, "filterable":0, "timeout":60, "ext":"./lib/token.json$$$./json/pikpakclass.a.json$$$./json/pikpakclass.a.json.db.gz"},
{"key":"PikPakShare1","name":"PikPak1","type":3,"api":"csp_PikPakShare","searchable":1,"quickSearch":1, "changeable":0, "filterable":0, "timeout":60, "ext":"./lib/token.json$$$./json/pikpakclass.a1.json$$$./json/pikpakclass.a1.json.db.gz"},
{"key":"PikPakShare18","name":"PikPak18","type":3,"api":"csp_PikPakShare","searchable":1,"quickSearch":1, "changeable":0, "filterable":0, "timeout":60, "ext":"./lib/token.json$$$./json/pikpakclass18.json$$$./json/pikpakclass.a.json.db.gz"},
{"key":"SambaShare","name":"Samba分享","type":3,"api":"csp_SambaShare","searchable":0,"quickSearch":0, "changeable":0, "filterable":0, "timeout":60, "ext":"./lib/token.json$$$./json/sambashare.a.txt"},
{"key":"csp_BtSow","name":"磁力秀","type":3,"api":"csp_BtSow","timeout":60, "ext":"./lib/token.json$$$1"},
{"key":"csp_BtSearch","name":"磁力搜","type":3,"api":"csp_BtSearch","timeout":60, "ext":"./lib/token.json$$$1"},
{"key":"Clg","name":"磁力狗","type":3,"api":"csp_Clg","searchable":1,"quickSearch":1, "changeable":1, "filterable":0, "timeout":60, "ext":"./lib/tokenm.json$$$https://clg.clgvip1.xyz/$$$proxy$$$1","style": {"type": "rect","ratio": 1.5}},
{"key":"csp_Netflav","name":"Netflav","type":3,"api":"csp_Netflav","searchable":1,"quickSearch":1, "changeable":1, "filterable":0, "timeout":60},
{"key":"Taohuazu","name":"桃花族","type":3,"api":"csp_Taohuazu","searchable":1,"quickSearch":1, "changeable":1, "filterable":0, "timeout":60, "ext":"http://thze.cc/","ext":"./lib/token.json"},
{"key":"SeHuaTang","name":"色花糖","type":3,"api":"csp_SeHuaTang","searchable":1,"quickSearch":1,"changeable":1,"filterable":0,"timeout":60,"ext":"null$$$proxy","style":{"type":"rect","ratio":1.5},"ext":"./lib/token.json"},
{"key":"Xojav","name":"XOJav","type":3,"api":"csp_Xojav","searchable":1,"quickSearch":1,"changeable":1,"filterable":0,"timeout":60,"ext":"null$$$proxy","style":{"type":"rect","ratio":1.5}},
{"key":"Cable","name":"CableAV","type":3,"api":"csp_Cable","searchable":1,"quickSearch":1, "changeable":1, "filterable":0, "timeout":60},
{"key": "AvTime","name": "AvTime","type": 3,"api": "csp_AvTime","searchable": 1,"changeable": 0},
{"key": "Top888","name": "Top888","type": 3,"api": "csp_Top888","searchable": 1,"changeable": 0},
{"key": "AList","name": "AList","type": 3,"api": "csp_AList","searchable": 1,"changeable": 0,"ext": {"vodPic": "https://x.imgs.ovh/x/2023/09/05/64f680bb030b4.png","drives": [{"name": "网盘1","server": "https://alist-caimoui.cloud.okteto.net/私房菜/"}]}},
{"key":"csp_JavBus","name":"JavBus","type":3,"api":"csp_JavBus","searchable":1,"quickSearch":1,"filterable":1,"changeable":0,"style":{"type":"rect","ratio":1.77},"timeout":60,"ext":"./lib/token.json"},
{"key":"csp_JavDb","name":"JavDb","type":3,"api":"csp_JavDb","searchable":1,"quickSearch":1,"filterable":1,"changeable":0,"style":{"type":"rect","ratio":1.77},"timeout":60,"ext":"./lib/token.json"},
{"key":"泥巴","name":"泥巴","type":3,"api":"csp_NiNi","searchable":1,"ext":"1"},
{"key":"玩偶","name":"玩偶","type":3,"api":"csp_Doll","searchable":1,"recordable":0,"style":{"type":"rect","ratio":1.309}},
{"key":"18AV","name":"18AV","type":3,"api":"csp_Eighteen","searchable":1,"recordable":0,"style":{"type":"rect","ratio":1.485}},
{"key":"Jable","name":"Jable","type":3,"api":"csp_Jable","searchable":1,"recordable":0,"style":{"type":"rect","ratio":1.77}},
{"key":"MissAV","name":"MissAV","type":3,"api":"csp_Miss","searchable":1,"recordable":0,"style":{"type":"rect","ratio":1.78}},
{"key":"Hanime","name":"Hanime","type":3,"api":"csp_Hanime","searchable":1,"recordable":0,"style":{"type":"rect","ratio":0.68}},
{"key":"黄色仓库","name":"黄色仓库","type":3,"api":"csp_XBPQ","jar":"./jar/XBPQ.jar;md5;4145467d49e0437dc43e8bbb79e3ff7d","style":{"ratio":1.7},"ext":"./XBPQ/黄色仓库.json"},
{"key":"91黑料","name":"91黑料","type":3,"api":"csp_XBPQ","jar":"./jar/XBPQ.jar;md5;4145467d49e0437dc43e8bbb79e3ff7d","searchable":1,"quickSearch":1,"filterable":1,"ext":"./XBPQ/91黑料.json"},
{"key":"色花堂","name":"色花堂","type":3,"api":"csp_XBPQ","searchable":1,"quickSearch":1,"filterable":1,"ext":"./XBPQ/色花堂.json","jar":"./jar/XBPQ.jar;md5;4145467d49e0437dc43e8bbb79e3ff7d"},
{"key":"我爱AV","name":"我爱AV","type":3,"api":"csp_XBPQ","searchable":1,"quickSearch":1,"filterable":1,"ext":"./XBPQ/我爱AV.json","jar":"./jar/XBPQ.jar;md5;4145467d49e0437dc43e8bbb79e3ff7d"},
{"key":"drpy_js_ss直播","name":"ss直播","type":3,"api":"./lib/drpy2.min.js","ext":"./js/ss直播.js","timeout":30},
{"key":"drpy_js_Missav","name":"Missav","type":3,"api":"./lib/drpy2.min.js","ext":"./js/Missav.js"},
{"key":"drpy_js_玩偶姐姐","name":"玩偶姐姐","type":3,"api":"./lib/drpy2.min.js","ext":"./js/玩偶姐姐.js"},
{"key":"drpy_js_朱古力","name":"朱古力","type":3,"api":"./lib/drpy2.min.js","ext":"./js/朱古力.js"},
{"key":"155zy.com","name":"♥155(直连)","type":1,"api":"https://155api.com/api.php/provide/vod/?ac=list","searchable":1,"filterable":1},
{"key":"tantanzy.com","name":"💕探探(直连)","type":1,"api":"https://apittzy.com/api.php/provide/vod/?ac=list","searchable":1,"filterable":1},
{"key":"jkunzy.com","name":"💕jkun(直连)","type":1,"api":"https://jkunzyapi.com/api.php/provide/vod/?ac=list","searchable":1,"filterable":1},
{"key":"gqzy.me","name":"♥搞起(直连)","type":1,"api":"https://caiji.gqjiexi.com/api.php/provide/vod/?ac=list","searchable":1,"filterable":1},
{"key":"lebozy.com","name":"💕乐播(直连)","type":1,"api":"https://lbapi9.com/api.php/provide/vod/?ac=list","searchable":1,"filterable":1},
{"key":"laoyazy.com","name":"💕老鸭(直连)","type":1,"api":"https://api.apilyzy.com/api.php/provide/vod/?ac=list","searchable":1,"filterable":1},
{"key":"senlinzy.com","name":"♥森林(直连)","type":1,"api":"https://slapibf.com/api.php/provide/vod/?ac=list","searchable":1,"filterable":1},
{"key":"timizy.cc","name":"💕甜蜜(直连)","type":1,"api":"https://tianmiapi.com/api.php/provide/vod/?ac=list","searchable":1,"filterable":1},
{"key":"didizy.com","name":"♥滴滴(直连)","type":1,"api":"https://api.ddapi.cc/api.php/provide/vod/?ac=list","searchable":1,"filterable":1},
{"key":"haosezyw.com","name":"💕好色(直连)","type":1,"api":"https://haosezyw.com/api.php/provide/vod/?ac=list","searchable":1,"filterable":1},
{"key":"vnzyz.com","name":"💕越南(直连)","type":1,"api":"https://vnzyz.com/api.php/provide/vod/?ac=list","searchable":1,"filterable":1},
{"key":"lyhzyw.com","name":"💕狼友会(直连)","type":1,"api":"https://api.lyhapi.com/api.php/provide/vod/?ac=list","searchable":1,"filterable":1},
{"key":"jingpinx.com","name":"★精品下(直连)","type":1,"api":"https://www.jingpinx.com//api.php/provide/vod/?ac=list","searchable":1,"filterable":1},
{"key":"avre.club","name":"★黄瓜(直连)","type":1,"api":"https://www.avre06.com/api.php/provide/vod/?ac=list","searchable":1,"filterable":1},
{"key":"sesehuzy.com","name":"💕色虎(直连)","type":1,"api":"https://apisesehuzy.com/api.php/provide/vod/?ac=list","searchable":1,"filterable":1},
{"key":"naixxzy.com","name":"★奶香香(直连)","type":1,"api":"https://naixxzy.com/api.php/provide/vod/?ac=list","searchable":1,"filterable":1},
{"key":"laosebizy.com","name":"💕老色逼(直连)","type":1,"api":"https://apilsbzy1.com/api.php/provide/vod/?ac=list","searchable":1,"filterable":1},
{"key":"www.caoliuzyw.com","name":"★草榴(直连)","type":1,"api":"https://www.caoliuzyw.com/api.php/provide/vod/?ac=list","searchable":1,"filterable":1},

{"key":"xjjzyapi.com","name":"美少女","type":1,"api":"https://xjjzyapi.com/cjapi/sda/vod/?ac=list","searchable":1,"filterable":1},
{"key":"semaozy.com","name":"色猫(FQ)","type":1,"api":"https://caiji.semaozy.net/inc/apijson_vod.php","searchable":1,"filterable":1},
{"key":"lajiaozy.com","name":"辣椒(FQ)","type":1,"api":"https://apilj.com/api.php/provide/vod/at/json/?ac=list","searchable":1,"filterable":1},
{"key":"kuaiavzy.com","name":"快av(FQ)","type":1,"api":"https://kuaiavzy.com/api.php/provide/vod/?ac=list","searchable":1,"filterable":1},
{"key":"量子","name":"量子","type":1,"api":"https://cj.lziapi.com/api.php/provide/vod","playUrl": "json:http://127.0.0.1:10079/parse/?thread=0&proxy=&url=","searchable":1,"changeable":1},
{"key":"非凡","name":"非凡","type":1,"api":"http://cj.ffzyapi.com/api.php/provide/vod","playUrl": "json:http://127.0.0.1:10079/parse/?thread=0&proxy=&url=","searchable":1,"changeable":1},
{"key":"玉兔资源","name":"玉兔资源","type":0,"api":"https://apiyutu.com/api.php/provide/vod/at/xml/","searchable":1,"style":{"type":"rect","ratio":1.333},"quickSearch":1},
{"key":"奥斯卡资源网","name":"奥斯卡","type":1,"api":"https://aosikazy.com/api.php/provide/vod/","playUrl": "json:http://127.0.0.1:10079/parse/?thread=0&proxy=&url="},
{"key":"草帽资源","name":"草帽","type":1,"api":"https://cmzy.top/api.php/provide/vod/?ac=list","searchable":1,"playUrl": "json:http://127.0.0.1:10079/parse/?thread=0&proxy=&url="},
{"key":"wmcj8.com","name":"成人05","type":0,"api":"http://wmcj8.com/inc/sapi.php","searchable":1,"recordable":0,"style":{"type":"rect","ratio":1.33},"header":{"Accept":"text/html,application/xhtml+xml,application/xml;q=0.9,image/avif,image/webp,image/apng,*/*;q=0.8,application/signed-exchange;v=b3;q=0.7","User-Agent":"Mozilla/5.0(WindowsNT10.0;Win64;x64)AppleWebKit/537.36(KHTML,likeGecko)Chrome/117.0.0.0Safari/537.36"}},
{"key":"apilj.com","name":"成人06","type":1,"api":"http://apilj.com/api.php/provide/vod/at/json/","playUrl": "json:http://127.0.0.1:10079/parse/?thread=0&proxy=&url=","searchable":1,"recordable":0,"style":{"type":"rect","ratio":1.33},"header":{"Accept":"text/html,application/xhtml+xml,application/xml;q=0.9,image/avif,image/webp,image/apng,*/*;q=0.8,application/signed-exchange;v=b3;q=0.7","User-Agent":"Mozilla/5.0(WindowsNT10.0;Win64;x64)AppleWebKit/537.36(KHTML,likeGecko)Chrome/117.0.0.0Safari/537.36"}},
{"key":"91md.me","name":"成人07","type":1,"api":"http://91md.me/api.php/provide/vod/","playUrl": "json:http://127.0.0.1:10079/parse/?thread=0&proxy=&url=","searchable":1,"recordable":0,"style":{"type":"rect","ratio":1.33},"header":{"Accept":"text/html,application/xhtml+xml,application/xml;q=0.9,image/avif,image/webp,image/apng,*/*;q=0.8,application/signed-exchange;v=b3;q=0.7","User-Agent":"Mozilla/5.0(WindowsNT10.0;Win64;x64)AppleWebKit/537.36(KHTML,likeGecko)Chrome/117.0.0.0Safari/537.36"}},
{"key":"dadiapi.com","name":"成人09","type":0,"api":"http://dadiapi.com/api.php","searchable":1,"recordable":0,"style":{"type":"rect","ratio":1.33},"header":{"Accept":"text/html,application/xhtml+xml,application/xml;q=0.9,image/avif,image/webp,image/apng,*/*;q=0.8,application/signed-exchange;v=b3;q=0.7","User-Agent":"Mozilla/5.0(WindowsNT10.0;Win64;x64)AppleWebKit/537.36(KHTML,likeGecko)Chrome/117.0.0.0Safari/537.36"}},
{"key":"llzxcj.com","name":"成人11","type":0,"api":"http://llzxcj.com/inc/sck.php?ac=videolist","searchable":1,"recordable":0,"style":{"type":"rect","ratio":1.33},"header":{"Accept":"text/html,application/xhtml+xml,application/xml;q=0.9,image/avif,image/webp,image/apng,*/*;q=0.8,application/signed-exchange;v=b3;q=0.7","User-Agent":"Mozilla/5.0(WindowsNT10.0;Win64;x64)AppleWebKit/537.36(KHTML,likeGecko)Chrome/117.0.0.0Safari/537.36"}},
{"key":"bttcj.com","name":"成人12","type":0,"api":"http://bttcj.com/inc/sapi.php","searchable":1,"recordable":0,"style":{"type":"rect","ratio":1.33},"header":{"Accept":"text/html,application/xhtml+xml,application/xml;q=0.9,image/avif,image/webp,image/apng,*/*;q=0.8,application/signed-exchange;v=b3;q=0.7","User-Agent":"Mozilla/5.0(WindowsNT10.0;Win64;x64)AppleWebKit/537.36(KHTML,likeGecko)Chrome/117.0.0.0Safari/537.36"}},
{"key":"f2dcj6.com","name":"成人14","type":0,"api":"http://f2dcj6.com/sapi?ac=videolist","searchable":1,"recordable":0,"style":{"type":"rect","ratio":1.33},"header":{"Accept":"text/html,application/xhtml+xml,application/xml;q=0.9,image/avif,image/webp,image/apng,*/*;q=0.8,application/signed-exchange;v=b3;q=0.7","User-Agent":"Mozilla/5.0(WindowsNT10.0;Win64;x64)AppleWebKit/537.36(KHTML,likeGecko)Chrome/117.0.0.0Safari/537.36"}},
{"key":"api.11bat.com","name":"成人15","type":0,"api":"http://api.11bat.com/api.php/provide/vod/at/xml","searchable":1,"recordable":0,"style":{"type":"rect","ratio":1.33},"header":{"Accept":"text/html,application/xhtml+xml,application/xml;q=0.9,image/avif,image/webp,image/apng,*/*;q=0.8,application/signed-exchange;v=b3;q=0.7","User-Agent":"Mozilla/5.0(WindowsNT10.0;Win64;x64)AppleWebKit/537.36(KHTML,likeGecko)Chrome/117.0.0.0Safari/537.36"}},
{"key":"api.maozyapi.com","name":"成人16","type":1,"api":"https://api.maozyapi.com/inc/apijson_vod.php","playUrl": "json:http://127.0.0.1:10079/parse/?thread=0&proxy=&url=","searchable":1,"recordable":0,"style":{"type":"rect","ratio":1.33},"header":{"Accept":"text/html,application/xhtml+xml,application/xml;q=0.9,image/avif,image/webp,image/apng,*/*;q=0.8,application/signed-exchange;v=b3;q=0.7","User-Agent":"Mozilla/5.0(WindowsNT10.0;Win64;x64)AppleWebKit/537.36(KHTML,likeGecko)Chrome/117.0.0.0Safari/537.36"}},
{"key":"apittzy.com","name":"成人18","type":1,"api":"https://apittzy.com/api.php/provide/vod/","playUrl": "json:http://127.0.0.1:10079/parse/?thread=0&proxy=&url=","searchable":1,"recordable":0,"style":{"type":"rect","ratio":1.33},"header":{"Accept":"text/html,application/xhtml+xml,application/xml;q=0.9,image/avif,image/webp,image/apng,*/*;q=0.8,application/signed-exchange;v=b3;q=0.7","User-Agent":"Mozilla/5.0(WindowsNT10.0;Win64;x64)AppleWebKit/537.36(KHTML,likeGecko)Chrome/117.0.0.0Safari/537.36"}},
{"key":"gdlsp.com","name":"成人19","type":0,"api":"https://www.gdlsp.com/api/xml.php","searchable":1,"recordable":0,"style":{"type":"rect","ratio":1.33},"header":{"Accept":"text/html,application/xhtml+xml,application/xml;q=0.9,image/avif,image/webp,image/apng,*/*;q=0.8,application/signed-exchange;v=b3;q=0.7","User-Agent":"Mozilla/5.0(WindowsNT10.0;Win64;x64)AppleWebKit/537.36(KHTML,likeGecko)Chrome/117.0.0.0Safari/537.36"}},
{"key":"msnii.com","name":"成人20","type":0,"api":"https://www.msnii.com/api/xml.php","searchable":1,"recordable":0,"style":{"type":"rect","ratio":1.33},"header":{"Accept":"text/html,application/xhtml+xml,application/xml;q=0.9,image/avif,image/webp,image/apng,*/*;q=0.8,application/signed-exchange;v=b3;q=0.7","User-Agent":"Mozilla/5.0(WindowsNT10.0;Win64;x64)AppleWebKit/537.36(KHTML,likeGecko)Chrome/117.0.0.0Safari/537.36"}},
{"key":"xrbsp.com","name":"成人21","type":0,"api":"https://www.xrbsp.com/api/xml.php","searchable":1,"recordable":0,"style":{"type":"rect","ratio":1.33},"header":{"Accept":"text/html,application/xhtml+xml,application/xml;q=0.9,image/avif,image/webp,image/apng,*/*;q=0.8,application/signed-exchange;v=b3;q=0.7","User-Agent":"Mozilla/5.0(WindowsNT10.0;Win64;x64)AppleWebKit/537.36(KHTML,likeGecko)Chrome/117.0.0.0Safari/537.36"}},
{"key":"kxgav.com","name":"成人22","type":0,"api":"https://www.kxgav.com/api/xml.php","searchable":1,"recordable":0,"style":{"type":"rect","ratio":1.33},"header":{"Accept":"text/html,application/xhtml+xml,application/xml;q=0.9,image/avif,image/webp,image/apng,*/*;q=0.8,application/signed-exchange;v=b3;q=0.7","User-Agent":"Mozilla/5.0(WindowsNT10.0;Win64;x64)AppleWebKit/537.36(KHTML,likeGecko)Chrome/117.0.0.0Safari/537.36"}},
{"key":"kkzy.me","name":"成人23","type":1,"api":"https://kkzy.me/api.php/provide/vod/","playUrl": "json:http://127.0.0.1:10079/parse/?thread=0&proxy=&url=","searchable":1,"recordable":0,"style":{"type":"rect","ratio":1.33},"header":{"Accept":"text/html,application/xhtml+xml,application/xml;q=0.9,image/avif,image/webp,image/apng,*/*;q=0.8,application/signed-exchange;v=b3;q=0.7","User-Agent":"Mozilla/5.0(WindowsNT10.0;Win64;x64)AppleWebKit/537.36(KHTML,likeGecko)Chrome/117.0.0.0Safari/537.36"}},
{"key":"shayuapi.com","name":"成人24","type":1,"api":"https://shayuapi.com/api.php/provide/vod/","playUrl": "json:http://127.0.0.1:10079/parse/?thread=0&proxy=&url=","searchable":1,"recordable":0,"style":{"type":"rect","ratio":1.33},"header":{"Accept":"text/html,application/xhtml+xml,application/xml;q=0.9,image/avif,image/webp,image/apng,*/*;q=0.8,application/signed-exchange;v=b3;q=0.7","User-Agent":"Mozilla/5.0(WindowsNT10.0;Win64;x64)AppleWebKit/537.36(KHTML,likeGecko)Chrome/117.0.0.0Safari/537.36"}},
{"key":"afasu.com","name":"成人25","type":0,"api":"https://www.afasu.com/api/xml.php","searchable":1,"recordable":0,"style":{"type":"rect","ratio":1.33},"header":{"Accept":"text/html,application/xhtml+xml,application/xml;q=0.9,image/avif,image/webp,image/apng,*/*;q=0.8,application/signed-exchange;v=b3;q=0.7","User-Agent":"Mozilla/5.0(WindowsNT10.0;Win64;x64)AppleWebKit/537.36(KHTML,likeGecko)Chrome/117.0.0.0Safari/537.36"}},
{"key":"lbapi9.com","name":"成人26","type":1,"api":"https://lbapi9.com/api.php/provide/vod/","playUrl": "json:http://127.0.0.1:10079/parse/?thread=0&proxy=&url=","searchable":1,"recordable":0,"style":{"type":"rect","ratio":1.33},"header":{"Accept":"text/html,application/xhtml+xml,application/xml;q=0.9,image/avif,image/webp,image/apng,*/*;q=0.8,application/signed-exchange;v=b3;q=0.7","User-Agent":"Mozilla/5.0(WindowsNT10.0;Win64;x64)AppleWebKit/537.36(KHTML,likeGecko)Chrome/117.0.0.0Safari/537.36"}},
{"key":"api.apilyzy.com","name":"成人27","type":1,"api":"https://api.apilyzy.com/api.php/provide/vod/","playUrl": "json:http://127.0.0.1:10079/parse/?thread=0&proxy=&url=","searchable":1,"recordable":0,"style":{"type":"rect","ratio":1.33},"header":{"Accept":"text/html,application/xhtml+xml,application/xml;q=0.9,image/avif,image/webp,image/apng,*/*;q=0.8,application/signed-exchange;v=b3;q=0.7","User-Agent":"Mozilla/5.0(WindowsNT10.0;Win64;x64)AppleWebKit/537.36(KHTML,likeGecko)Chrome/117.0.0.0Safari/537.36"}},
{"key":"push_agent","name":"推送","type":3,"api":"csp_Push","searchable":1,"changeable":0,"ext":"./lib/token.json"}
],
"rules":[
{"name":"proxy","hosts":["6lhzry.com","cmzy.top","kb17.oneoneno8cd345.xyz","btsow.motorcycles","cj.ffzyapi.com","netflav5.com","thzq.cc","xhamster.com","cableav.tv","mypikpak.com","edge-hls.doppiocdn.com",".*workers.dev","javdb.com","www.javbus.com","d3opspehgd3862dmfdp3sdf.siauliairsavlt.org","vl05t7es.rostelekom.xyz","raw.githubusercontent.com","googlevideo.com","cdn.v82u1l.com","cdn.iz8qkg.com","cdn.kin6c1.com","c.biggggg.com","c.olddddd.com","haiwaikan.com","www.histar.tv","youtube.com","uhibo.com",".*boku.*",".*nivod.*",".*ulivetv.*"]},
{"name":"磁力廣告","hosts":["magnet"],"regex":["更多","社區","xuu","最新","最新","直播","更新","社区","有趣","有趣","英皇体育","全中文AV在线","澳门皇冠赌场","哥哥快来","美女荷官","裸聊","新片首发","UUE29"]},
{"name":"量子廣告","hosts":["vip.lz","hd.lz","v.cdnlz"],"regex":["#EXT-X-DISCONTINUITY\\r*\\n*#EXTINF:6.433333,[\\s\\S]*?#EXT-X-DISCONTINUITY","#EXTINF.*?\\s+.*?1o.*?\\.ts\\s+"]},
{"name":"非凡廣告","hosts":["vip.ffzy","hd.ffzy"],"regex":["#EXT-X-DISCONTINUITY\\r*\\n*#EXTINF:6.666667,[\\s\\S]*?#EXT-X-DISCONTINUITY","#EXTINF.*?\\s+.*?1o.*?\\.ts\\s+"]}
]
}
