{
"spider":"./jar/fan.txt;md5;9a4e27dc8671d07587f5cb752ea80fd3",
"lives":[
    {"name":"live","boot": false,"type":0,"url":"./tv.txt","playerType":2,"ua":"okhttp/3.8.1","timeout":20,"epg":"https://epg.112114.xyz/?ch={name}&date={date}","logo":"https://logo.swsixtwo.top/{name}.png"}
],
"wallpaper":"https://qist.cc/api/api.php",
"sites":[
{"key":"drpy_js_豆瓣","name":"搜索 | 豆瓣[js]","type":3,"api":"./lib/drpy2.min.js","ext":"./js/drpy.js","searchable":1,"quickSearch":0,"changeable":0},
{"key":"drpy_js_TVB云播","name":"影视 | TVB云播[js]","type":3,"api":"./lib/drpy2.min.js","ext":"./js/TVB云播.js"},
{"key":"闪雷","name":"闪雷┃MP4","type":3,"api":"./FTY/drpy2.min.js","ext":"./js/678.js"},
{"key":"热播影视","name":"👀热播|多线","type":3,"api":"csp_AppRB","timeout":15,"playerType":2,"searchable":1,"quickSearch":1,"changeable":1,"jar": "./jar/xiaosa.jar;md5;00ade2b74c302f33afbeb7f96f861be4"},
{"key": "🌟客星","name": "🌟客星|1080P","type": 3,"api": "csp_Xdai","searchable":1,"quickSearch":1,"changeable":1,"order_num": 0,"playerType": 2,"ext": "caHR0cHM6Ly9zYzEwODAudG9wfGU1OWQ0NGIyZWVmMDNiYTJ8ZTU5ZDQ0YjJlZWYwM2JhMg==","jar": "./jar/qj.jar;md5;68959abc51dbfcba14fb08d537dbf230"},

{"key":"玩偶","name":"👽玩偶哥哥┃4K弹幕","type":3,"api":"csp_WoGG","searchable":1,"quickSearch":1,"changeable":0, "ext": {"Cloud-drive":"tvfan/Cloud-drive.txt","from":"4k|auto","siteUrl":"https://www.wogg.net/","danMu":"弹"}},
{"key":"YGP","name":"🚀叨观荐影┃预告片","type":3,"api":"csp_YGP","searchable":0,"quickSearch":0,"changeable":0},
{"key":"alllive","name":"📽️一直播┃直播","type":3,"api":"csp_Alllive","playerType":2,"searchable":0,"quickSearch":0,"changeable":0},
{"key":"抠搜","name":"🍄抠抠┃搜搜","type":3,"api":"csp_KkSs","searchable":1,"quickSearch":1,"changeable":0,"ext": {"Cloud-drive":"tvfan/Cloud-drive.txt","from":"4k|auto"}},
{"key":"UC","name":"🌈优汐┃搜搜","type":3,"api":"csp_UuSs","searchable":1,"quickSearch":1,"changeable":0,"ext": {"Cloud-drive":"tvfan/Cloud-drive.txt","from":"4k|auto","pturl":"http://tv.91muou.icu/|http://54271.fun/|http://mo.muouso.fun/"}},
{"key":"原创","name":"☀原创┃不卡","type":3,"api":"csp_YCyz","timeout":15,"playerType":1,"searchable":1,"quickSearch":1,"changeable":1},
{"key":"苹果","name":"🍎苹果┃不卡","type":3,"api":"csp_LiteApple","searchable":1,"quickSearch":1,"changeable":1},
{"key":"厂长","name":"📔厂长┃不卡","type":3,"api":"csp_NewCz","playerType":2,"searchable":1,"quickSearch":1,"changeable":1,"ext": "https://www.czzyvideo.com/"},
{"key":"糯米","name":"🍓糯米┃秒播","type":3,"api":"csp_Nmyswv","searchable":1,"quickSearch":1,"changeable":1},
{"key":"白白","name":"🐟白白┃秒播","type":3,"api":"csp_Sbaibai","playerType":2,"searchable":1,"quickSearch":1,"changeable":1},
{"key":"神车","name":"🚎神车┃秒播","type":3,"api":"csp_AppSx","searchable":1,"quickSearch":1,"changeable":1,"ext":"FbjPcVZY48PN/RIZ5QqOrsp1OZsTS9wQSSpQpK6jnh0fUMKIu22IxR6Z7/exDifuKH+Agjg9"},
{"key":"Lib","name": "🌟立播┃秒播","type": 3,"api": "csp_Libvio","searchable": 1,"quickSearch": 1,"changeable":1,"ext": {"Cloud-drive":"tvfan/Cloud-drive.txt","from":"4k|auto"}},
{"key":"zxzj","name":"🍊在线┃秒播","type":3,"api":"csp_Zxzj","timeout":15,"searchable":1,"quickSearch":1,"changeable":1,"ext":"https://www.zxzjhd.com/"},
{"key":"比特","name":"🍄比特┃秒播","type":3,"api":"csp_Bttwoo","searchable":1,"quickSearch":1,"changeable":1},
{"key":"文采","name":"💮文采┃秒播","type":3,"api":"csp_Jpys","playerType":2,"searchable":1,"quickSearch":1,"changeable":1},
{"key":"低端","name":"⏮️低端┃外剧","type":3,"api":"csp_Ddrk","playerType":"2","searchable":1,"quickSearch":1,"changeable":1},
{"key":"港迷","name":"💯港迷┃粤语","type":3,"api":"csp_AppSK","searchable":1,"quickSearch":0,"changeable":0,"ext":"FbjPcVZY48PN/RIZ5UWFrphwLIZMAYVUEz5FpK6jnh0fUMKIpzPWz0jI/rymDTutcXiX2Dhu1XsjGntrH8QzPldJXdqa2h7TLjJF3DFX"},
{"key":"木星","name":"🌞木星┃多线","type":3,"api":"csp_AppSx","searchable":1,"quickSearch":1,"changeable":1,"ext":"FbjPcVZY48PN/RIZ5QqOrsplZNERApoHSmxZ77D7wAtcAsqZuXTQzUHW+quzHG+7cXaG3SBwzihuA2NlCJpscUJASIGSmRiXKW5NhipHle83SfO6IA=="},
{"key":"兄弟","name":"🍊兄弟┃多线","type":3,"api":"csp_AppSx","searchable":1,"quickSearch":1,"filterable":1,"ext":"FbjDcUxPqpfNr0QF4QvE6sExbdBHCJkQSzBQt+vmhxkUAtbepC6RjQjA6r70U2OrZ3mJyX4hh2AsXS8mTp9pKB8="},
{"key":"热播","name":"📺热播┃多线","type":3,"api":"csp_AppTT","playerType":2,"searchable":1,"quickSearch":1,"changeable":1,"ext":"AO7TcBkd8I/B5wQc4Qma+pU="},
{"key":"萌米","name":"👀萌米┃多线","type":3,"api":"csp_AppTT","playerType":2,"searchable":1,"quickSearch":1,"changeable":1,"ext":"AO7TcBkd8I2bux0Y8Qze6tVlMg=="},
{"key":"欢视","name":"👓欢视┃多线","type":3,"api":"csp_AppTT","playerType":2,"searchable":1,"quickSearch":1,"changeable":1,"ext":"AO7TcBkd8I/B+Qsa7gqa+pU="},
{"key":"可可","name":"👻可可┃多线","type":3,"api":"csp_Kekys","playerType":2,"searchable":1,"quickSearch":1,"changeable":1}, 
{"key":"贱贱","name":"🐭荐片┃P2P","type":3,"api":"csp_JPJ","playerType":2,"searchable":1,"quickSearch":1,"changeable":0},
{"key":"新6V","name":"🧲新6V┃磁力","type":3,"api":"csp_SixV","searchable":1,"quickSearch":1,"changeable":0,"ext": "https://www.xb6v.com/"},
{"key":"Dm84","name":"🚌巴士┃动漫","type":3,"api":"csp_Dm84","searchable":1,"quickSearch":1,"changeable":1},
{"key":"Ysj","name":"🎀异界┃动漫","type":3,"api":"csp_Ysj","searchable":1,"quickSearch":1,"changeable":1},
{"key":"Anime1","name":"🐾日本┃动漫","type": 3,"api": "csp_Anime1","searchable": 1,"quickSearch": 1,"changeable":1},
{"key":"926","name":"⚽926┃看球","type":3,"api":"csp_kanqiu926","searchable":0,"changeable":0,"style":{"type":"list"}},
{"key":"88","name":"⚽88┃看球","type":3,"api":"csp_Sir88","searchable":0,"changeable":0,"style":{"type":"list"}},
{"key":"看球","name":"⚽看球┃直播","type":3,"api":"csp_Kanqiu","searchable":0,"changeable":0,"style":{"type":"list"}},
{"key":"Jrsjs","name":"⚽ Jrs┃球迷","type": 3,"api":"./FTY/drpy2.min.js","ext":"./FTY/jrk.js","style":{"type":"list"},"searchable": 0,"quickSearch": 0,"changeable":0},
{"key":"酷奇","name":"🎤酷奇┃MV","type": 3,"api":"./FTY/drpy2.min.js","ext":"./FTY/酷奇MV.js","style":{"type":"rect","ratio":1.597},"searchable": 0,"quickSearch": 0,"changeable":0},
{"key":"MTV","name":"🎧明星┃MV","type":3,"api":"csp_Bili","style":{"type":"rect","ratio":1.597},"searchable":0,"quickSearch":0,"changeable":0,"ext":{"json":"./FTY/MTV.json"}},
{"key":"虎牙直播js","name":"🐯虎牙┃直播","type":3,"api":"./FTY/drpy2.js","ext":"./FTY/huya2.js","style":{"type":"rect","ratio":1.755},"playerType":"2","searchable": 0,"quickSearch": 0,"changeable":0},
{"key":"斗鱼js","name":"🐟斗鱼┃直播","type":3,"api":"./FTY/drpy2.min.js","ext":"./FTY/斗鱼直播.js","style":{"type":"rect","ratio":1.755},"playerType":"2","searchable": 0,"quickSearch": 0,"changeable":0},
{"key":"有声小说js","name":"🎧有声┃小说","type":3,"api":"./FTY/drpy2.min.js","ext":"./FTY/有声小说吧.js","style":{"type":"rect","ratio":1},"searchable": 0,"quickSearch": 0,"changeable":0},
{"key":"Aid","name":"🚑急救┃教学","type":3,"api":"csp_FirstAid","searchable":0,"quickSearch":0,"changeable":0,"style": { "type": "rect", "ratio":3.8}},
{"key":"push_agent","name":"🛴手机┃推送","type":3,"api":"csp_Push","searchable":0,"quickSearch":0,"ext": {"Cloud-drive":"tvfan/Cloud-drive.txt","from":"4k|auto"}},
{"key":"Bili","name":"🅱哔哔合集┃弹幕","type": 3,"api": "csp_Bili","style":{"type":"rect","ratio":1.597},"searchable":1,"quickSearch":0,"changeable":0,"ext":{"json":"https://im.feelec.com.cn/res/file.html?id=2c9a91099293dce40194194e5a5f7474"}},
{"key":"Biliych","name":"🅱哔哔演唱会┃弹幕","type": 3,"api": "csp_Bili","style":{"type":"rect","ratio":1.597},"searchable":1,"quickSearch":0,"changeable":0,"ext":{"json":"https://im.feelec.com.cn/res/file.html?id=2c9a91099293dce40194194f4eb2747e"}},
{"key":"dr_兔小贝","name":"📚儿童┃启蒙","type":3,"api":"./FTY/drpy2.min.js","ext":"./FTY/%E5%85%94%E5%B0%8F%E8%B4%9D.js","style":{"type":"rect","ratio":1.597},"searchable": 0,"quickSearch": 0,"changeable":0},
{"key":"少儿教育","name":"📚少儿┃教育","type":3,"api":"csp_Bili","style":{"type":"rect","ratio":1.597},"searchable":0,"quickSearch":0,"changeable":0,"ext":{"json":"https://im.feelec.com.cn/res/file.html?id=2c9a91099293dce4019465168f841292"}},
{"key":"小学课堂","name":"📚小学┃课堂","type":3,"api":"csp_Bili","style":{"type":"rect","ratio":1.597},"searchable":0,"quickSearch":0,"changeable":0,"ext":{"json":"https://im.feelec.com.cn/res/file.html?id=2c9a91099293dce401946513bb42128a"}},
{"key":"初中课堂","name":"📚初中┃课堂","type":3,"api":"csp_Bili","style":{"type":"rect","ratio":1.597},"searchable":0,"quickSearch":0,"changeable":0,"ext":{"json":"https://im.feelec.com.cn/res/file.html?id=2c9a91099293dce401946513bb2d1289"}},
{"key":"高中教育","name":"📚高中┃课堂","type":3,"api":"csp_Bili","style":{"type":"rect","ratio":1.597},"searchable":0,"quickSearch":0,"changeable":0,"ext":{"json":"https://im.feelec.com.cn/res/file.html?id=2c9a91099293dce401946513bd90128b"}},


{"key":"骚火","name":"影视 | 骚火[直连]","type":3,"api":"csp_XBPQ","searchable":1,"quickSearch":1,"filterable":1,"ext":{"嗅探词":".m3u8#.mp4#.m3u8?#freeok.mp4","分类url":"https://shdy2.com/list/{cateId}-{catePg}.html;;vr1au0","分类":"电影$1#电视剧$2#韩剧$22#美剧$23#动漫$4","数组二次截取":"class=\"v_list\">&&</ul>","数组":"\"v_img\"&&/div>","标题":"title=\"&&\"","副标题":"v_note\"&&</div","跳转播放链接":"<iframe*src=\"&&\"","二次跳转播放链接":"https://hhjx.hhplayer.com/api.php;post;url=+var url*\"&&\"+&t=+var t*\"&&\"+&key=+var key*\"&&\"+&act=0+&play=1","三次跳转播放链接":"\"url\"*\"&&\""},"jar": "./jar/Yoursmile.jar;md5;97796a79a781055669f2d5442439dc5f"},
{"key":"晴天","name":"影视 | 晴天[直连]","type":3,"api":"csp_XBPQ","searchable":1,"quickSearch":1,"filterable":1,"ext":{"分类url":"https://www.qinttv.com/qtyy/{cateId}/area/{area}/page/{catePg}/year/{year}.html","搜索url":"https://www.qinttv.com/qtcz.html;post;wd={wd}&submit=","分类":"电影$dianying#电视剧$dianshiju#动漫$dongmna#综艺$zongyi"},"jar": "./jar/Yoursmile.jar;md5;97796a79a781055669f2d5442439dc5f"},
{"key":"Freeok","name":"影视 | Freeok[直连]","type":3,"api":"csp_XBPQ","searchable":1,"quickSearch":1,"filterable":1,"ext":{"分类url":"https://www.freeok.vip/vod-show/{cateId}-{area}-------{catePg}---{year}.html;;ar1","分类":"电影&剧集&动漫&综艺&短剧&少儿","分类值":"1&2&3&4&12&5","副标题":"<div class=\"module-item-note\">&&</div>","嗅探词":"m3u8#.m3u8#.mp4#freeok.mp4#/obj/","线路数组":"data-dropdown-value=&&</div>","线路数组": "data-dropdown-value=&&</div>[不包含:夸克]","导演":"导演：&&</div>","主演":"主演：&&</div>","简介":"<p>&&</p>"},"jar": "./jar/Yoursmile.jar;md5;97796a79a781055669f2d5442439dc5f"},
{"key":"奇优","name":"影视 | ️奇优[直连]","type":3,"api":"csp_XBPQ","searchable":1,"quickSearch":1,"filterable":1,"ext":"./json/奇优.json","jar": "./jar/Yoursmile.jar;md5;97796a79a781055669f2d5442439dc5f"},
{"key":"云播","name":"影视 | 云播[直连]","type":3,"api":"csp_XBPQ","searchable":1,"quickSearch":1,"filterable":1,"changeable":1,"ext":{"影片类型":"分类：&&主演","导演":"导演：</span>&&</p>","主演":"主演：</span>&&</p>","简介":"class=\"sketch content\">&&</span>","数组":"myui-vodlist__thumb&&</a>","标题":"title=\"&&\"","副标题":"pic-tag pic-tag-top\">&&</span>","图片":"data-original=\"&&\"","链接":"href=\"&&\"","搜索模式":"1","搜索url":"http://www.hktvyun.com/index.php/ajax/suggest?mid=1&wd={wd}&limit=500","搜索二次截取":"\"list\":[&&]","搜索数组":"{&&}","搜索标题":"\"name\":\"&&\"","搜索图片":"\"pic\":\"&&\"","搜索链接":"http://www.hktvyun.com/vod/detail/id/+\"id\":&&,+html","嗅探词":".m3u8#mp4","线路数组":"</a><h3&&/h3>","线路标题":"title\">&&<","播放数组":"<ul class=\"myui-content__list scrollbar&&</ul>","播放标题":">&&<","播放列表":"<a&&/a>","分类url":"http://www.hktvyun.com/vod/show/area/{area}/by/{by}/class/{class}/id/{cateId}/lang/{lang}/page/{catePg}/year/{year}.html;;a","分类":"电影$1#电视剧$2#综艺$3#动漫$4"},"jar": "./jar/Yoursmile.jar;md5;97796a79a781055669f2d5442439dc5f"},

{"key":"量子","name":"影视 | 量子[直连]","type":1,"api":"https://cj.lziapi.com/api.php/provide/vod/","searchable":1,"categories":["动作片","喜剧片","爱情片","科幻片","恐怖片","剧情片","战争片","国产剧","香港剧","韩国剧","欧美剧","记录片","台湾剧","日本剧","海外剧","泰国剧","大陆综艺","港台综艺","日韩综艺","欧美综艺","国产动漫","日韩动漫","欧美动漫","港台动漫","海外动漫"],"jar": "./jar/Yoursmile.jar;md5;97796a79a781055669f2d5442439dc5f"},
{"key":"非凡","name":"影视 | 非凡[直连]","type":1,"api":"http://ffzy.tv/api.php/provide/vod/","searchable":1,"categories":["动作片","喜剧片","爱情片","科幻片","恐怖片","剧情片","战争片","国产剧","香港剧","韩国剧","欧美剧","记录片","台湾剧","日本剧","海外剧","泰国剧","大陆综艺","港台综艺","日韩综艺","欧美综艺","国产动漫","日韩动漫","欧美动漫","港台动漫","海外动漫"],"jar": "./jar/Yoursmile.jar;md5;97796a79a781055669f2d5442439dc5f"},    
{"key":"索尼","name":"影视 | 索尼[直连]","type":0,"api":"https://suoniapi.com/api.php/provide/vod/at/xml/","searchable":1,"categories":["动作片","喜剧片","爱情片","科幻片","恐怖片","剧情片","战争片","国产剧","欧美剧","港剧","台剧","韩剧","日剧","泰剧","纪录片","海外剧","大陆综艺","港台综艺","日韩综艺","欧美综艺","国产动漫","日韩动漫","欧美动漫","港台动漫","海外动漫","影视解说"],"jar": "./jar/Yoursmile.jar;md5;97796a79a781055669f2d5442439dc5f"},
{"key":"卧龙资源","name":"影视 | 卧龙资源[直连]","type":1,"api":"https://wolongzyw.com/api.php/provide/vod/","searchable":1,"categories":["动作片","喜剧片","爱情片","科幻片","恐怖片","剧情片","战争片","国产剧","香港剧","韩国剧","欧美剧","台湾剧","日本剧","海外剧","记录片","短片","动画片","国产动漫","欧美动漫","日本动漫","港台综艺","韩国综艺","大陆综艺","泰国剧","欧美综艺","惊悚片","家庭片","古装片","历史片","悬疑片","犯罪片","短剧"]},
{"key":"华为吧","name":"影视 | 华为吧[直连]","type":1,"api":"https://huaweiba.live/api.php/provide/vod/","searchable":1,"categories":["电影","冒险片","剧情片","动作片","动画电影","喜剧片","奇幻片","恐怖片","悬疑片","惊悚片","歌舞片","灾难片","爱情片","科幻片","犯罪片","经典片","网络电影","战争片","电视 剧","欧美剧","日剧","韩剧","台剧","泰剧","国产剧","港剧","新马剧","其他剧","动漫","综艺","体育","纪录片","篮球","足球","网球","斯诺克","欧美动漫","日韩动漫","国产动漫","新马泰动漫","港台 动漫","其他动漫","国产综艺","日韩综艺","欧美综艺","新马泰综艺","港台综艺","其他综艺","短剧"]},
{"key":"飞速资源","name":"影视 | 飞速资源[直连]","type":1,"api":"http://www.feisuzyapi.com/api.php/provide/vod/","searchable":1,"categories":["冒险片","剧情片","动作片","动画电影","喜剧片","奇幻片","恐怖片","悬疑片","惊悚片","歌舞片","灾难片","爱情片","科幻片","犯罪片","经典片","网络电影","战争片","电视 剧","欧美剧","日剧","韩剧","台剧","泰剧","国产剧","港剧","新马剧","其他剧","动漫","综艺","体育","纪录片","篮球","足球","网球","斯诺克","欧美动漫","日韩动漫","国产动漫","新马泰动漫","港台 动漫","其他动漫","国产综艺","日韩综艺","欧美综艺","新马泰综艺","港台综艺","其他综艺","短剧"]},
{"key":"天空资源","name":"影视 | 天空资源[直连]","type":1,"api":"https://api.tiankongapi.com/api.php/provide/vod/","searchable":1,"categories":["电影","电视剧","综艺","动漫","动作片","喜剧片","爱情片","科幻片","恐怖片","剧情片","战争片","国产剧","香港剧","台湾剧","韩国剧","纪录片","动画片","日本剧","泰国剧","欧美剧","国产动漫"," 日本动漫","欧美动漫","海外动漫","电影解说","大陆综艺","港台综艺","日韩综艺","欧美综艺","其他片","其他剧","体育赛事","短剧"]},
{"key":"ikun资源","name":"影视 | ikun资源[直连]","type":1,"api":"https://www.ikunzy.com/api.php/provide/vod/","searchable":1,"categories":["动作片","喜剧片","爱情片","科幻片","恐怖片","剧情片","战争片","国产剧","香港剧","台湾剧","韩国剧","纪录片","动画片","日本剧","泰国剧","欧美剧","国产动漫"," 日本动漫","欧美动漫","海外动漫","电影解说","大陆综艺","港台综艺","日韩综艺","欧美综艺"]},
{"key":"无尽","name":"影视 | 无尽[直连]","type":1,"api":"http://api.wujinapi.me/api.php/provide/vod/?ac=list","searchable":1,"categories":["动作片","喜剧片","爱情片","科幻片","恐怖片","剧情片","战争片","国产剧","香港剧","台湾剧","美国剧","纪录片","韩国剧","日本剧","海外剧","大陆综艺","日韩综艺","港台综艺","欧美综艺","国产动漫","日韩动漫","欧美动漫","悬疑片","动画片","犯罪片","奇幻片","邵氏电影","泰剧","短剧","港台动漫","海外动漫"],"header":{"User-Agent":"Mozilla/5.0"}},
{"key":"U酷资源風","name":"影视 | 尤酷[直连]","type":1,"api":"https://api.ukuapi.com/api.php/provide/vod/?ac=list","searchable":1,"categories":["综艺","动漫","动作片","喜剧片","爱情片","科幻片","恐怖片","剧情片","战争片","国产剧","港澳剧","日剧","欧美剧","动漫电影","台湾剧","韩剧","泰剧","记录片","短剧","奇幻片","犯罪片"],"header":{"User-Agent":"Mozilla/5.0 (iPhone; CPU iPhone OS 15_2 like Mac OS X) AppleWebKit/605.1.15 (KHTML, like Gecko) Version/14.0 Mobile/15E148 Safari/604.1"}},
{"key":"360资源","name":"影视 | 360资源[直连]","type":1,"api":"https://360zy.com/api.php/provide/vod/?ac=list","searchable":1,"categories":["动作片","喜剧片","爱情片","科幻片","恐怖片","剧情片","战争片","国产剧","香港剧","韩国剧","欧美剧","NBA","惊悚片","家庭篇","古装片","历史片","悬疑片","犯罪片","灾难片","纪录片","短片","动画片","台湾剧","日本剧","海外剧","泰国剧","大陆综艺","港台综艺","日韩综艺","国产动漫","欧美动漫","日韩动漫","西部片","爽文短剧","现代都市","年代穿越","古装仙侠","女频恋爱","成长逆袭"],"header":{"User-Agent":"Mozilla/5.0 (iPhone; CPU iPhone OS 15_2 like Mac OS X) AppleWebKit/605.1.15 (KHTML, like Gecko) Version/14.0 Mobile/15E148 Safari/604.1"}},
{"key":"极速资源","name":"影视 | 极速[直连]","type":1,"api":"https://jszyapi.com/api.php/provide/vod/?ac=list","searchable":1,"categories":["欧美剧","香港剧","韩剧","日剧","马泰剧","动作片","爱情片","喜剧片","科幻片","恐怖片","剧情片","战争片","记录片","动漫","内地剧","动画片","中国动漫","日本动漫"," 欧美动漫","综艺","台湾剧","体育赛事","大陆综艺","日韩综艺","港台综艺","欧美综艺","灾难片","悬疑片","犯罪片","奇幻片","短剧"],"header":{"User-Agent":"Mozilla/5.0 (iPhone; CPU iPhone OS 15_2 like Mac OS X) AppleWebKit/605.1.15 (KHTML, like Gecko) Version/14.0 Mobile/15E148 Safari/604.1"}},

{"key":"率率","name":"影视 | 率率[直连]","type":1,"api":"https://suoniapi.com/api.php/provide/vod/?ac=list","searchable":1,"quickSearch":1,"changeable":1,"categories":["国产剧","韩剧","日剧","港剧","台剧","动作片","喜剧片","爱情片","科幻片","战争片","恐怖片","剧情片","国产动漫","日韩动漫","欧美动漫","大陆综艺","日韩综艺"]},
{"key":"百度","name":"百度","type":1,"api":"https://api.apibdzy.com/api.php/provide/vod?ac=list","searchable":1,"filterable":0,"categories":["国产动漫","日韩动漫","大陆剧","欧美剧","韩剧","日剧","动作片","喜剧片","爱情片","科幻片","恐怖片","剧情片","战争片"],"header":{"User-Agent":"Mozilla/5.0"}},
{"key":"暴風","name":"影视 | 暴風[直连]","type":1,"api":"https://bfzyapi.com/api.php/provide/vod/?ac=list","searchable":1,"changeable":1},

{"key":"drpy_js_采集","name":"搜索 |多站点采集[js]","type":3,"api":"./lib/drpy2.min.js","ext":"./js/caiji.js"},
{"key":"drpy_js_技术派搜索","name":"搜索 |技术派[js]","type":3,"api":"./lib/drpy2.min.js","ext":"./js/jsp.js"},
{"key":"drpy_js_磁力熊搜索","name":"搜索 | 磁力熊[js]","type":3,"api":"./lib/drpy2.min.js","ext":"./js/cilixiong.js","searchable":0,"quickSearch":0,"changeable":1},
{"key":"lf_js_search","name":"搜索 | 路飞[js]","type":3,"searchable":0,"changeable":1,"quickSearch":0,"filterable":0,"api":"./lib/lf_search3_min.js"},
{"key":"drpy_js_荐片","name":"影视 | 荐片[js]","type":3,"api":"./lib/drpy2.min.js","searchable":1,"quickSearch":1,"changeable":1,"ext":"./js/荐片.js", "timeout":30},
{"key":"drpy_js_新片场","name":"新片 | 新片场[js]","type":3,"api":"./lib/drpy2.min.js","searchable":1,"quickSearch":1,"changeable":0,"ext":"./js/新片场.js"},
{"key":"lf_js_p2p","name":"路飞 | 磁力[js]","type":3,"searchable":1,"changeable":1,"quickSearch":1,"filterable":1,"api":"./lib/lf_p2p2_min.js","timeout":30},
{"key":"lf_js_lf_live","name":"电视 | 直播[js]","type":3,"api":"./lib/lf_live_min.js","style":{ "type":"oval"},"searchable":1,"changeable":0,"quickSearch":1,"filterable":1,"ext":"./js/lf_live.txt"},
{"key":"drpy_js_ikanbot3","name":"影视 | 爱看机器人3[js]","type":3,"api":"./lib/drpy2.min.js","searchable":1,"quickSearch":1,"changeable":1,"ext":"./js/ikanbot3.js"},
{"key":"T4-duanju5","name":"影视 | 短剧屋[T4]","type":4,"api":"https://catbox.n13.club/duanju5.php","searchable":1,"quickSearch":1,"filterable":1,"changeable":1,"ext":true},
{"key":"drpy_js_酷云77","name":"影视 | 酷云77[js]","type":3,"api":"./lib/drpy2.min.js","ext":"./js/酷云77.js"},
{"key":"drpy_js_快看","name":"影视 | 快看[js]","type":3,"api":"./lib/drpy2.min.js","ext":"./js/快看.js"},
{"key":"drpy_js_爱看","name":"影视 | 爱看[js]","type":3,"api":"./lib/drpy2.min.js","ext":"./js/爱看.js"},
{"key":"drpy_js_低端","name":"影视 | 低端[js]","type":3,"api":"./lib/drpy2.min.js","ext":"./js/ddys_d.js"},
{"key":"drpy_js_南瓜影视","name":"影视 | 南瓜影视[js]","type":3,"api":"./lib/drpy2.min.js","ext":"./js/南瓜影视.js"},
{"key":"drpy_js_Auete","name":"影视 | Auete[js]","type":3,"api":"./lib/drpy2.min.js","ext":"./js/Auete.js"},
{"key":"drpy_js_cokemv","name":"影视 | cokemv[js]","type":3,"api":"./lib/drpy2.min.js","ext":"./js/cokemv.js"},
{"key":"drpy_js_LIBVIO","name":"影视 | LIBVIO[js]","type":3,"api":"./lib/drpy2.min.js","ext":"./js/LIBVIO.js"},
{"key":"drpy_js_voflix","name":"影视 | voflix[js]","type":3,"api":"./lib/drpy2.min.js","ext":"./js/voflix.js"},
{"key":"drpy_js_两个BT","name":"影视 | 两个BT[js]","type":3,"api":"./lib/drpy2.min.js","ext":"./js/两个BT.js"},
{"key":"drpy_js_量子影视","name":"影视 | 量子影视[js]","type":3,"api":"./lib/drpy2.min.js","ext":"./js/量子影视.js"},
{"key":"drpy_js_农民","name":"影视 | 农民影视[js]","type":3,"api":"./lib/drpy2.min.js","ext":"./js/农民影视.js"},
{"key":"drpy_js_在线之家","name":"影视 | 在线之家[js]","type":3,"api":"./lib/drpy2.min.js","ext":"./js/在线之家.js"},
{"key":"drpy_js_量子资源","name":"影视 | 量子资源[js]","type":3,"api":"./lib/drpy2.min.js","ext":"./js/量子资源.js"},
{"key":"drpy_js_369影视","name":"影视 | 369影视[js]","type":3,"api":"./lib/drpy2.min.js","ext":"./js/369影视.js"},

{"key":"drpy_js_热播库","name":"影视 | 热播库[js]","type":3,"api":"./lib/drpy2.min.js","ext":"./js/热播库.js"},
{"key":"drpy_js_蛋蛋剧","name":"影视 | 蛋蛋剧[js]","type":3,"api":"./lib/drpy2.min.js","ext":"./js/蛋蛋剧.js"},
{"key":"drpy_js_B站影视","name":"影视 | B站影视[js]","type":3,"api":"./lib/drpy2.min.js","ext":"./js/B站影视.js"},
{"key":"drpy_js_凌云影视","name":"影视 | 凌云影视[js]","type":3,"api":"./lib/drpy2.min.js","ext":"./js/凌云影视.js"},
{"key":"drpy_js_孜然影视","name":"影视 | 孜然影视[js]","type":3,"api":"./lib/drpy2.min.js","ext":"./js/孜然影视.js"},
{"key":"drpy_js_我爱跟剧","name":"影视 | 我爱跟剧[js]","type":3,"api":"./lib/drpy2.min.js","ext":"./js/我爱跟剧.js"},
{"key":"drpy_js_干饭影视","name":"影视 | 干饭影视[js]","type":3,"api":"./lib/drpy2.min.js","ext":"./js/干饭影视.js"},
{"key":"drpy_js_秋霞影视","name":"影视 | 秋霞影视[js]","type":3,"api":"./lib/drpy2.min.js","ext":"./js/秋霞影视.js"},
{"key":"drpy_js_阿布影院","name":"影视 | 阿布影院[js]","type":3,"api":"./lib/drpy2.min.js","ext":"./js/阿布影院.js"},
{"key":"drpy_js_电影先生","name":"影视 | 电影先生[js]","type":3,"api":"./lib/drpy2.min.js","ext":"./js/电影先生.js"},
{"key":"drpy_js_落攻阁影视","name":"影视 | 落攻阁影视[js]","type":3,"api":"./lib/drpy2.min.js","ext":"./js/落攻阁影视.js"},
{"key":"drpy_js_69美剧","name":"影视 | 69美剧[js]","type":3,"api":"./lib/drpy2.min.js","ext":"./js/69美剧.js"},
{"key":"drpy_js_兄弟影视","name":"影视 | 兄弟影视[js]","type":3,"api":"./lib/drpy2.min.js","ext":"./js/兄弟影视.js"},
{"key":"drpy_js_4k剧院","name":"影视 | 4k剧院[js]","type":3,"api":"./lib/drpy2.min.js","ext":"./js/4k剧院.js"},
{"key":"drpy_js_爱迪影视","name":"影视 | 爱迪影视[js]","type":3,"api":"./lib/drpy2.min.js","ext":"./js/爱迪影视.js"},
{"key":"drpy_js_539影视","name":"影视 | 539影视[js]","type":3,"api":"./lib/drpy2.min.js","ext":"./js/539影视.js"},
{"key":"drpy_js_333影视","name":"影视 | 333影视[js]","type":3,"api":"./lib/drpy2.min.js","ext":"./js/333影视.js"},
{"key":"drpy_js_996影视","name":"影视 | 996影视[js]","type":3,"api":"./lib/drpy2.min.js","ext":"./js/996影视.js"},
{"key":"drpy_js_188影视","name":"影视 | 188影视[js]","type":3,"api":"./lib/drpy2.min.js","ext":"./js/188影视.js"},
{"key":"drpy_js_哔嘀影视","name":"影视 | 哔嘀影视[js]","type":3,"api":"./lib/drpy2.min.js","ext":"./js/哔嘀影视.js"},

{"key":"drpy_js_7喜影院","name":"影视 | 7喜影院[js]","type":3,"api":"./lib/drpy2.min.js","ext":"./js/7喜影院.js"},
{"key":"drpy_js_18哈","name":"影视 | 18哈[js]","type":3,"api":"./lib/drpy2.min.js","ext":"./js/18哈.js"},
{"key":"drpy_js_567电影院","name":"影视 | 567电影院[js]","type":3,"api":"./lib/drpy2.min.js","ext":"./js/567电影院.js"},
{"key":"drpy_js_Fun4K","name":"影视 | Fun4K[js]","type":3,"api":"./lib/drpy2.min.js","ext":"./js/Fun4K.js"},
{"key":"drpy_js_KOK影院","name":"影视 | KOK影院[js]","type":3,"api":"./lib/drpy2.min.js","ext":"./js/KOK影院.js"},
{"key":"drpy_js_TVB云播","name":"影视 | TVB云播[js]","type":3,"api":"./lib/drpy2.min.js","ext":"./js/TVB云播.js"},
{"key":"drpy_js_UrleBird[飞]","name":"影视 | UrleBird[飞][js]","type":3,"api":"./lib/drpy2.min.js","ext":"./js/UrleBird[飞].js"},
{"key":"drpy_js_爱看影院","name":"影视 | 爱看影院[js]","type":3,"api":"./lib/drpy2.min.js","ext":"./js/爱看影院.js"},
{"key":"drpy_js_北川影视","name":"影视 | 北川影视[js]","type":3,"api":"./lib/drpy2.min.js","ext":"./js/北川影视.js"},
{"key":"drpy_js_尘落影视","name":"影视 | 尘落影视[js]","type":3,"api":"./lib/drpy2.min.js","ext":"./js/尘落影视.js"},
{"key":"drpy_js_达达龟","name":"影视 | 达达龟[js]","type":3,"api":"./lib/drpy2.min.js","ext":"./js/达达龟.js"},
{"key":"drpy_js_蛋蛋赞","name":"影视 | 蛋蛋赞[js]","type":3,"api":"./lib/drpy2.min.js","ext":"./js/蛋蛋赞.js"},
{"key":"drpy_js_多瑙影视","name":"影视 | 多瑙影视[js]","type":3,"api":"./lib/drpy2.min.js","ext":"./js/多瑙影视.js"},
{"key":"drpy_js_剧迷su","name":"影视 | 剧迷su[js]","type":3,"api":"./lib/drpy2.min.js","ext":"./js/剧迷su.js"},
{"key":"drpy_js_看韩剧","name":"影视 | 看韩剧[js]","type":3,"api":"./lib/drpy2.min.js","ext":"./js/看韩剧.js"},
{"key":"drpy_js_看了么","name":"影视 | 看了么[js]","type":3,"api":"./lib/drpy2.min.js","ext":"./js/看了么.js"},
{"key":"drpy_js_蓝光影院","name":"影视 | 蓝光影院[js]","type":3,"api":"./lib/drpy2.min.js","ext":"./js/蓝光影院.js"},
{"key":"drpy_js_首播影院","name":"影视 | 首播影院[js]","type":3,"api":"./lib/drpy2.min.js","ext":"./js/首播影院.js"},
{"key":"drpy_js_小白菜电影","name":"影视 | 小白菜电影[js]","type":3,"api":"./lib/drpy2.min.js","ext":"./js/小白菜电影.js"},
{"key":"drpy_js_影视工场","name":"影视 | 影视工场[js]","type":3,"api":"./lib/drpy2.min.js","ext":"./js/影视工场.js"},
{"key":"drpy_js_影视之家[V2]","name":"影视 | 影视之家[V2][js]","type":3,"api":"./lib/drpy2.min.js","ext":"./js/影视之家[V2].js"},
{"key":"drpy_js_悠久影院","name":"影视 | 悠久影院[js]","type":3,"api":"./lib/drpy2.min.js","ext":"./js/悠久影院.js"},
{"key":"drpy_js_中国人线上看","name":"影视 | 中国人线上看[js]","type":3,"api":"./lib/drpy2.min.js","ext":"./js/中国人线上看.js"},

{"key":"drpy_js_555电影[V2]","name":"影视 | 555电影[V2]","type":3,"api":"./lib/drpy2.min.js","ext":"./js/555电影[V2].js"},
{"key":"drpy_js_69美剧[V2]","name":"影视 | 69美剧[V2]","type":3,"api":"./lib/drpy2.min.js","ext":"./js/69美剧[V2].js"},
{"key":"drpy_js_cokemv[V2]","name":"影视 | cokemv[V2]","type":3,"api":"./lib/drpy2.min.js","ext":"./js/cokemv[V2].js"},
{"key":"drpy_js_UM电影[V2]","name":"影视 | UM电影[V2]","type":3,"api":"./lib/drpy2.min.js","ext":"./js/UM电影[V2].js"},
{"key":"drpy_js_爱迪[V2]","name":"影视 | 爱迪[V2][js]","type":3,"api":"./lib/drpy2.min.js","ext":"./js/爱迪[V2].js"},
{"key":"drpy_js_宝片[V2]","name":"影视 | 宝片[V2]","type":3,"api":"./lib/drpy2.min.js","ext":"./js/宝片[V2].js"},
{"key":"drpy_js_刺桐[V2]","name":"影视 | 刺桐[V2][js]","type":3,"api":"./lib/drpy2.min.js","ext":"./js/刺桐[V2].js"},
{"key":"drpy_js_咕噜[V2]","name":"影视 | 咕噜[V2]","type":3,"api":"./lib/drpy2.min.js","ext":"./js/咕噜[V2].js"},
{"key":"drpy_js_吼吼[V2]","name":"影视 | 吼吼[V2]","type":3,"api":"./lib/drpy2.min.js","ext":"./js/吼吼[V2].js"},
{"key":"drpy_js_曲奇影视[V2]","name":"影视 | 曲奇影视[V2]","type":3,"api":"./lib/drpy2.min.js","ext":"./js/曲奇影视[V2].js"},
{"key":"drpy_js_影探[V2]","name":"影视 | 影探[V2]","type":3,"api":"./lib/drpy2.min.js","ext":"./js/影探[V2].js"},
{"key":"drpy_js_北极狐[V2]","name":"影视 | 北极狐[V2]","type":3,"api":"./lib/drpy2.min.js","ext":"./js/北极狐[V2].js"},
{"key":"drpy_js_大米星球[V2]","name":"影视 | 大米星球[V2]","type":3,"api":"./lib/drpy2.min.js","ext":"./js/大米星球[V2].js"},
{"key":"drpy_js_奈飞狗[V2]","name":"影视 | 奈飞狗[V2]","type":3,"api":"./lib/drpy2.min.js","ext":"./js/奈飞狗[V2].js"},
{"key":"drpy_js_思古影视[V2]","name":"影视 | 思古影视[V2]","type":3,"api":"./lib/drpy2.min.js","ext":"./js/思古影视[V2].js"},
{"key":"drpy_js_映迷[V2]","name":"影视 | 映迷[V2]","type":3,"api":"./lib/drpy2.min.js","ext":"./js/映迷[V2].js"},
{"key":"drpy_js_美益达[V2]","name":"影视 | 美益达[V2]","type":3,"api":"./lib/drpy2.min.js","ext":"./js/美益达[V2].js"},
{"key":"drpy_js_落攻阁影视[V2]","name":"影视 | 落攻阁影视[V2]","type":3,"api":"./lib/drpy2.min.js","ext":"./js/落攻阁影视[V2].js"},
{"key":"drpy_js_西门[V2]","name":"影视 | 西门[V2]","type":3,"api":"./lib/drpy2.min.js","ext":"./js/西门[V2].js"},
{"key":"drpy_js_路人甲[V2]","name":"影视 | 路人甲[V2]","type":3,"api":"./lib/drpy2.min.js","ext":"./js/路人甲[V2].js"},
{"key":"drpy_js_鑫鑫[V2]","name":"影视 | 鑫鑫[V2]","type":3,"api":"./lib/drpy2.min.js","ext":"./js/鑫鑫[V2].js"},

{"key":"drpy_js_360影视","name":"官源 | 360[js]","type":3,"api":"./lib/drpy2.min.js","ext":"./js/360影视.js"},
{"key":"drpy_js_百忙无果","name":"官源 | 芒果[js]","type":3,"api":"./lib/drpy2.min.js","ext":"./js/百忙无果.js"},
{"key":"drpy_js_腾云驾雾","name":"官源 | 腾讯[js]","type":3,"api":"./lib/drpy2.min.js","ext":"./js/腾云驾雾.js"},
{"key":"drpy_js_奇珍异兽","name":"官源 | 爱奇艺[js]","type":3,"api":"./lib/drpy2.min.js","ext":"./js/奇珍异兽.js"},
{"key":"drpy_js_菜狗","name":"官源 | 搜狗[js]","type":3,"api":"./lib/drpy2.min.js","ext":"./js/菜狗.js"},
{"key":"drpy_js_优酷","name":"官源 | 优酷[js]","type":3,"api":"./lib/drpy2.min.js","ext":"./js/优酷.js"},

{"key":"drpy_js_4KHDR","name":"磁力 | 4KHDR[js]","type":3,"api":"./lib/drpy2.min.js","ext":"./js/4khdr.js","playerType":"1", "searchable":1, "quickSearch":1, "changeable":1, "timeout":30},
{"key":"drpy_js_极影网","name":"磁力 | 极影网[js]","type":3,"api":"./lib/drpy2.min.js","ext":"./js/jiyingw.js","playerType":"1", "searchable":1, "quickSearch":1, "changeable":1, "timeout":30},
{"key":"drpy_js_MP4US","name":"磁力 | MP4电影[js]","type":3,"api":"./lib/drpy2.min.js","ext":"./js/mp4us.js","playerType":"1", "searchable":1, "quickSearch":1, "changeable":1, "timeout":30},
{"key":"drpy_js_电影港","name":"磁力 | 电影港[js]","type":3,"api":"./lib/drpy2.min.js","ext":"./js/dygang.js","playerType":"1", "searchable":1, "quickSearch":1, "changeable":1, "timeout":30},
{"key":"drpy_js_kuba","name":"磁力 | 酷吧[js]","type":3,"api":"./lib/drpy2.min.js","ext":"./js/kuba.js", "quickSearch":1, "changeable":1, "timeout":30},
{"key":"drpy_js_xb6v","name":"磁力 | 新版6v[js]","type":3,"api":"./lib/drpy2.min.js","ext":"./js/xb6v.js","playerType":"1", "searchable":1, "quickSearch":1, "changeable":1, "timeout":30},
{"key":"drpy_js_美剧迷","name":"磁力 | 美剧迷[js]","type":3,"api":"./lib/drpy2.min.js","ext":"./js/meijumi.js", "quickSearch":1, "changeable":1, "timeout":30},
{"key":"drpy_js_ddys","name":"影视 | 低端影视[js]","type":3,"api":"./lib/drpy2.min.js","ext":"./js/ddys.js", "quickSearch":1, "changeable":1, "timeout":30},
{"key":"drpy_js_libvio","name":"影视 | libvio[js]","type":3,"api":"./lib/drpy2.min.js","ext":"./js/libvio.js", "quickSearch":1, "changeable":1, "timeout":30},
{"key":"drpy_js_tzfile","name":"影视 | 团长影视[js]","type":3,"api":"./lib/drpy2.min.js","ext":"./js/tzfile.js", "quickSearch":1, "changeable":1, "timeout":30},
{"key":"drpy_js_dydhhy","name":"影视 | dydhhy[js]","type":3,"api":"./lib/drpy2.min.js","ext":"./js/dydhhy.js", "quickSearch":1, "changeable":1, "timeout":30},
{"key":"drpy_js_97tvs","name":"影视 | 97tvs[js]","type":3,"api":"./lib/drpy2.min.js","ext":"./js/97tvs.js", "quickSearch":1, "changeable":1, "timeout":30}, 
{"key":"drpy_js_rrdyw","name":"影视 | rrdyw[js]","type":3,"api":"./lib/drpy2.min.js","ext":"./js/rrdyw.js", "quickSearch":1, "changeable":1, "timeout":30}, 
{"key":"drpy_js_校长影视","name":"夸克 | 校长影视[js]","type":3,"api":"./lib/drpy2.min.js","ext":"./js/xzys.js", "quickSearch":1, "changeable":1, "timeout":30},
{"key":"drpy_js_yyets","name":"夸克 | 人人影视搜[js]","type":3,"api":"./lib/drpy2.min.js","ext":"./js/yyets.js", "quickSearch":1, "changeable":1, "timeout":30},
{"key":"drpy_js_奇妙搜[夸]","name":"夸克 | 奇妙搜[js]","type":3,"api":"./lib/drpy2.min.js","ext":"./js/qimiao.js", "quickSearch":1, "changeable":1, "timeout":30},
{"key":"drpy_js_愛盤搜","name":"夸克 | 爱盘搜[js]","type":3,"api":"./lib/drpy2.min.js","ext":"./js/aipanso.js", "quickSearch":1, "changeable":1, "timeout":30},
{"key":"drpy_js_趣盤搜","name":"夸克 | 趣盘搜[js]","type":3,"api":"./lib/drpy2.min.js","ext":"./js/funletu.js", "quickSearch":1, "changeable":1, "timeout":30},
{"key":"drpy_js_meow","name":"影视 | meow搜[js]","type":3,"api":"./lib/drpy2.min.js","ext":"./js/meow.js", "quickSearch":1, "changeable":1, "timeout":30}, 
{"key": "push_quark","name": "夸克 | 推送","type": 3,"api": "csp_Quark","changeable":0,"ext": "http://127.0.0.1:9978/file/TV/quark.txt", "timeout":30},
{"key":"push_agent","name":"手机 | 推送[jar]","type":3,"api":"csp_Push","searchable":0,"quickSearch":0,"changeable":0,"ext":"./lib/token.json", "timeout":30},

{"key":"drpy_js_磁力熊[磁]","name":"磁力 | 磁力熊[js]","type":3,"api":"./lib/drpy2.min.js","searchable":1,"quickSearch":1,"changeable":0,"ext":"./js/磁力熊[磁].js", "timeout":30},
{"key":"drpy_js_6V新版[磁]","name":"磁力 | 6V新版[js]","type":3,"api":"./lib/drpy2.min.js","searchable":1,"quickSearch":1,"changeable":0,"ext":"./js/6V新版[磁].js", "timeout":30},
{"key":"drpy_js_童趣","name":"少儿 | 童趣[js]","type":3,"api":"./lib/drpy2.min.js","changeable":0,"style":{"type":"rect","ratio":1.597},"ext":"./js/童趣.js"},
{"key":"drpy_js_兔小贝","name":"少儿 | 兔小贝[js]","type":3,"api":"./lib/drpy2.min.js","style":{"type":"rect","ratio":1.597},"changeable":0,"ext":"./js/兔小贝.js"},
{"key":"drpy_js_有声绘本网","name":"少儿 | 有声绘本[js]","type":3,"api":"./lib/drpy2.min.js","changeable":0,"style":{"type":"rect","ratio":1},"ext":"./js/有声绘本网.js"},
{"key":"drpy_js_我的哔哩","name":"弹幕 | 哔哩合集[js]","type":3,"api":"./lib/drpy2.min.js","style":{"type":"rect","ratio":1.597},"changeable":0,"ext":"./js/我的哔哩.js"},
{"key":"drpy_js_哔哩直播","name":"弹幕 | 哔哩直播[js]","type":3,"api":"./lib/drpy2.min.js","style":{"type":"rect","ratio":1.597},"changeable":0,"ext":"./js/哔哩直播.js"},
{"key":"drpy_js_哔哩影视","name":"弹幕 | 哔哩影视[js]","type":3,"api":"./lib/drpy2.min.js","style":{"type":"rect","ratio":1.597},"changeable":0,"ext":"./js/哔哩影视.js"},
{"key":"drpy_js_JustLive","name":"弹幕 | JustLive[js]","type":3,"api":"./lib/drpy2.min.js","style":{"type":"rect","ratio":1.597},"changeable":0,"ext":"./js/JustLive.js"},
{"key":"drpy_js_斗鱼直播","name":"直播 | 斗鱼[js]","type":3,"api":"./lib/drpy2.min.js","style":{"type":"rect","ratio":1.597},"changeable":0,"ext":"./js/斗鱼直播.js"},
{"key":"drpy_js_虎牙直播","name":"直播 | 虎牙[js]","type":3,"api":"./lib/drpy2.min.js","style":{"type":"rect","ratio":1.597},"changeable":0,"ext":"./js/虎牙直播.js"},
{"key":"drpy_js_310直播","name":"体育 | 310直播[js]","type":3,"api":"./lib/drpy2.min.js","changeable":0,"style":{"type":"rect","ratio":1},"ext":"./js/310直播.js"},
{"key":"drpy_js_88看球","name":"体育 | 88看球[js]","type":3,"api":"./lib/drpy2.min.js","changeable":0,"style":{"type":"rect","ratio":1},"ext":"./js/88看球.js"},
{"key":"drpy_js_JRKAN直播","name":"体育 | JRKAN直播[js]","type":3,"api":"./lib/drpy.min.js","changeable":0,"style":{"type":"rect","ratio":1},"ext":"./js/JRKAN直播.js"},
{"key":"drpy_js_抓饭体育","name":"体育 | 抓饭体育[js]","type":3,"api":"./lib/drpy.min.js","changeable":0,"style":{"type":"rect","ratio":1},"ext":"./js/抓饭体育.js"},
{"key":"drpy_js_好趣网","name":"电视 | 好趣网[js]","type":3,"api":"./lib/drpy2.min.js","style":{"type":"rect","ratio":1.333},"changeable":0,"ext":"./js/好趣网.js"},
{"key":"drpy_js_相声随身听","name":"相声 | 相声随身听[js]","type":3,"api":"./lib/drpy2.min.js","changeable":0,"ext":"./js/相声随身听.js"},
{"key":"drpy_js_评书随身听","name":"评书 | 评书随身听[js]","type":3,"api":"./lib/drpy2.min.js","changeable":0,"ext":"./js/评书随身听.js"},
{"key":"drpy_js_武享吧","name":"格斗 | 武享吧[js]","type":3,"api":"./lib/drpy2.min.js","changeable":0,"ext":"./js/武享吧.js"},
{"key":"drpy_js_Alist","name":"网盘 | Alist[js]","type":3,"api":"./lib/alist.min.js","changeable":0,"ext":"./js/alist.json"},

{"key":"drpy_js_58动漫","name":"动漫 | 58动漫[js]","type":3,"api":"./lib/drpy2.min.js","ext":"./js/58动漫.js"},
{"key":"drpy_js_AGE动漫","name":"动漫 | AGE动漫[js]","type":3,"api":"./lib/drpy2.min.js","ext":"./js/AGE动漫.js"},
{"key":"drpy_js_AnFuns","name":"动漫 | AnFuns[js]","type":3,"api":"./lib/drpy2.min.js","ext":"./js/AnFuns.js"},
{"key":"drpy_js_Anime1动畫","name":"动漫 | Anime1动畫[js]","type":3,"api":"./lib/drpy2.min.js","ext":"./js/Anime1动畫.js"},
{"key":"drpy_js_NT动漫","name":"动漫 | NT动漫[js]","type":3,"api":"./lib/drpy2.min.js","ext":"./js/NT动漫.js"},
{"key":"drpy_js_NyaFun","name":"动漫 | NyaFun[js]","type":3,"api":"./lib/drpy2.min.js","ext":"./js/NyaFun.js"},
{"key":"drpy_js_爱弹幕","name":"动漫 | 爱弹幕[js]","type":3,"api":"./lib/drpy2.min.js","ext":"./js/爱弹幕.js"},
{"key":"drpy_js_动漫岛","name":"动漫 | 动漫岛[js]","type":3,"api":"./lib/drpy2.min.js","ext":"./js/动漫岛.js"},
{"key":"drpy_js_路漫漫","name":"动漫 | 路漫漫[js]","type":3,"api":"./lib/drpy2.min.js","ext":"./js/路漫漫.js"},
{"key":"drpy_js_喵次元","name":"影视 | 喵次元[js]","type":3,"api":"./lib/drpy2.min.js","ext":"./js/喵次元.js"},
{"key":"drpy_js_奇米动漫","name":"动漫 | 奇米动漫[js]","type":3,"api":"./lib/drpy2.min.js","ext":"./js/奇米动漫.js"},
{"key":"drpy_js_去看吧","name":"动漫 | 去看吧[js]","type":3,"api":"./lib/drpy2.min.js","ext":"./js/去看吧.js"},
{"key":"drpy_js_曲奇动漫","name":"动漫 | 曲奇动漫[js]","type":3,"api":"./lib/drpy2.min.js","ext":"./js/曲奇动漫.js"},
{"key":"drpy_js_异世界动漫漫","name":"动漫 | 异世界动漫[js]","type":3,"api":"./lib/drpy2.min.js","ext":"./js/异世界动漫.js"},
{"key":"drpy_js_怡萱动漫","name":"动漫 | 怡萱动漫[js]","type":3,"api":"./lib/drpy2.min.js","ext":"./js/怡萱动漫.js"},

{"key":"drpy_js_A8音乐","name":"音频 | A8音乐[js]","type":3,"api":"./lib/drpy2.min.js","ext":"./js/A8音乐.js"},
{"key":"drpy_js_DJ音乐","name":"音频 | DJ音乐[js]","type":3,"api":"./lib/drpy2.min.js","changeable":0,"style":{"type":"rect","ratio":1},"ext":"./js/DJ音乐.js"},
{"key":"drpy_js_啦啦DJ","name":"音频 | 啦啦DJ[js]","type":3,"api":"./lib/drpy2.min.js","changeable":0,"style":{"type":"rect","ratio":1},"ext":"./js/啦啦DJ.js"},
{"key":"drpy_js_清风DJ","name":"音频 | 清风DJ[js]","type":3,"api":"./lib/drpy2.min.js","changeable":0,"style":{"type":"rect","ratio":1},"ext":"./js/清风DJ.js"},
{"key":"drpy_js_广播迷FM","name":"广播 | 广播迷FM[js]","type":3,"api":"./lib/drpy2.min.js","changeable":0,"ext":"./js/广播迷FM.js"},
{"key":"drpy_js_蜻蜓FM","name":"广播 | 蜻蜓FM[js]","type":3,"api":"./lib/drpy2.min.js","changeable":0,"ext":"./js/蜻蜓FM.js"},
{"key":"drpy_js_i275听书","name":"听书 | i275听书[js]","type":3,"api":"./lib/drpy2.min.js","changeable":0,"style":{"type":"rect","ratio":1},"ext":"./js/i275听书.js"},
{"key":"drpy_js_爱上你听书网","name":"听书 | 爱上你听书[js]","type":3,"api":"./lib/drpy2.min.js","changeable":0,"style":{"type":"rect","ratio":1},"ext":"./js/爱上你听书网.js"},
{"key":"drpy_js_博看听书","name":"听书 | 博看听书[js]","type":3,"api":"./lib/drpy2.min.js","changeable":0,"style":{"type":"rect","ratio":1},"ext":"./js/博看听书.js"},
{"key":"drpy_js_海洋听书","name":"听书 | 海洋听书[js]","type":3,"api":"./lib/drpy2.min.js","changeable":0,"style":{"type":"rect","ratio":1},"ext":"./js/海洋听书.js"},
{"key":"drpy_js_六月听书","name":"听书 | 六月听书[js]","type":3,"api":"./lib/drpy2.min.js","changeable":0,"style":{"type":"rect","ratio":1},"ext":"./js/六月听书.js"},
{"key":"drpy_js_有声小说","name":"听书 | 有声小说[js]","type":3,"api":"./lib/drpy2.min.js","changeable":0,"style":{"type":"rect","ratio":1},"ext":"./js/有声小说吧.js"},
{"key":"drpy_js_播客","name":"聚合 | 播客[js]","type":3,"api":"./lib/drpy2.min.js","ext":"./js/播客.js"},
{"key":"drpy_js_短视频","name":"聚合 | 短视频[js]","type":3,"api":"./lib/drpy2.min.js","changeable":0,"ext":"./js/短视频.js"},
{"key":"drpy_js_酷6网","name":"聚合 | 酷6网[js]","type":3,"api":"./lib/drpy2.min.js","changeable":0,"ext":"./js/酷6网.js"},
{"key":"drpy_js_网易公版影像","name":"聚合 | 网易公版[js]","type":3,"api":"./lib/drpy2.min.js","changeable":0,"style":{"type":"rect","ratio":1.597},"ext":"./js/网易公版影像.js"},
{"key":"drpy_js_爱车MV","name":"MV | 爱车MV[js]","type":3,"api":"./lib/drpy2.min.js","changeable":0,"style":{"type":"rect","ratio":1},"ext":"./js/爱车MV.js"},
{"key":"drpy_js_酷奇MV","name":"MV | 酷奇[js]","type":3,"api":"./lib/drpy2.min.js","changeable":0,"style":{"type":"rect","ratio":1},"ext":"./js/酷奇MV.js"},

{"key":"drpy_js_爱看机器人","name":"影视 | 爱看机器人[js]","type":3,"api":"./lib/drpy2.min.js","searchable":1,"quickSearch":1,"changeable":1,"ext":"./js/爱看机器人.js"},
{"key":"drpy_js_ikanbot2","name":"影视 | 爱看机器人2[js]","type":3,"api":"./lib/drpy2.min.js","searchable":1,"quickSearch":1,"changeable":1,"ext":"./js/ikanbot2.js"},
{"key":"drpy_js_ikanbot3","name":"影视 | 爱看机器人3[js]","type":3,"api":"./lib/drpy2.min.js","searchable":1,"quickSearch":1,"changeable":1,"ext":"./js/ikanbot3.js"},
{"key":"drpy_js_jsapi2","name":"影视 | 百度测试[js]","type":3,"api":"./lib/drpy2.min.js","ext":"./js/jsapi2.js"},
{"key":"drpy_js_139影视","name":"影视 | 139影视[js]","type":3,"api":"./lib/drpy2.min.js","ext":"./js/139影视.js"},
{"key":"drpy_js_348电影网","name":"影视 | 348电影网[js]","type":3,"api":"./lib/drpy2.min.js","ext":"./js/348电影网.js"},
{"key":"drpy_js_4K电影网","name":"影视 | 4K电影网[js]","type":3,"api":"./lib/drpy2.min.js","ext":"./js/4K电影网.js"},
{"key":"drpy_js_8号影院","name":"影视 | 8号影院[js]","type":3,"api":"./lib/drpy2.min.js","ext":"./js/8号影院.js"},
{"key":"drpy_js_JangoIndex","name":"影视 | JangoIndex[js]","type":3,"api":"./lib/drpy2.min.js","ext":"./js/JangoIndex.js"},
{"key":"drpy_js_NY影院","name":"影视 | NY影院[js]","type":3,"api":"./lib/drpy2.min.js","ext":"./js/NY影院.js"},
{"key":"drpy_js_被窝电影","name":"影视 | 被窝电影[js]","type":3,"api":"./lib/drpy2.min.js","ext":"./js/被窝电影.js"},
{"key":"drpy_js_厂长资源","name":"影视 | 厂长资源[js]","type":3,"api":"./lib/drpy2.min.js","ext":"./js/厂长资源.js"},
{"key":"drpy_js_楚门影院","name":"影视 | 楚门影院[js]","type":3,"api":"./lib/drpy2.min.js","ext":"./js/楚门影院.js"},
{"key":"drpy_js_大米星球","name":"影视 | 大米星球[js]","type":3,"api":"./lib/drpy2.min.js","ext":"./js/大米星球.js"},
{"key":"drpy_js_飞兔影视","name":"影视 | 飞兔影视[js]","type":3,"api":"./lib/drpy2.min.js","ext":"./js/飞兔影视.js"},
{"key":"drpy_js_海兔影院","name":"影视 | 海兔影院[js]","type":3,"api":"./lib/drpy2.min.js","ext":"./js/海兔影院.js"},
{"key":"drpy_js_花猫TV","name":"影视 | 花猫TV[js]","type":3,"api":"./lib/drpy2.min.js","ext":"./js/花猫TV.js"},
{"key":"drpy_js_花屋影院","name":"影视 | 花屋影院[js]","type":3,"api":"./lib/drpy2.min.js","ext":"./js/花屋影院.js"},
{"key":"drpy_js_开眼视频","name":"影视 | 开眼视频[js]","type":3,"api":"./lib/drpy2.min.js","ext":"./js/开眼视频.js"},
{"key":"drpy_js_看了么","name":"影视 | 看了么[js]","type":3,"api":"./lib/drpy2.min.js","ext":"./js/看了么.js"},
{"key":"drpy_js_徕米TV","name":"影视 | 徕米TV[js]","type":3,"api":"./lib/drpy2.min.js","ext":"./js/徕米TV.js"},
{"key":"drpy_js_乐鱼影视","name":"影视 | 乐鱼影视[js]","type":3,"api":"./lib/drpy2.min.js","ext":"./js/乐鱼影视.js"},
{"key":"drpy_js_美剧网","name":"影视 | 美剧网[js]","type":3,"api":"./lib/drpy2.min.js","ext":"./js/美剧网.js"},
{"key":"drpy_js_美视网","name":"影视 | 美视网[js]","type":3,"api":"./lib/drpy2.min.js","ext":"./js/美视网.js"},
{"key":"drpy_js_米爱影视","name":"影视 | 米爱影视[js]","type":3,"api":"./lib/drpy2.min.js","ext":"./js/米爱影视.js"},
{"key":"drpy_js_免费看","name":"影视 | 免费看[js]","type":3,"api":"./lib/drpy2.min.js","ext":"./js/免费看.js"},
{"key":"drpy_js_奈飞中文","name":"影视 | 奈飞中文[js]","type":3,"api":"./lib/drpy2.min.js","ext":"./js/奈飞中文.js"},
{"key":"drpy_js_欧帝影院","name":"影视 | 欧帝影院[js]","type":3,"api":"./lib/drpy2.min.js","ext":"./js/欧帝影院.js"},
{"key":"drpy_js_皮皮鸭","name":"影视 | 皮皮鸭[js]","type":3,"api":"./lib/drpy2.min.js","ext":"./js/皮皮鸭.js"},
{"key":"drpy_js_朴樱影视","name":"影视 | 朴樱影视[js]","type":3,"api":"./lib/drpy2.min.js","ext":"./js/朴樱影视.js"},
{"key":"drpy_js_秋霞影院","name":"影视 | 秋霞影院[js]","type":3,"api":"./lib/drpy2.min.js","ext":"./js/秋霞.js"},
{"key":"drpy_js_热播之家","name":"影视 | 热播之家[js]","type":3,"api":"./lib/drpy2.min.js","ext":"./js/热播之家.js"},
{"key":"drpy_js_人人影视","name":"影视 | 人人影视[js]","type":3,"api":"./lib/drpy2.min.js","ext":"./js/人人影视.js"},
{"key":"drpy_js_骚火电影","name":"影视 | 骚火电影[js]","type":3,"api":"./lib/drpy2.min.js","ext":"./js/骚火电影.js"},
{"key":"drpy_js_时光影视","name":"影视 | 时光影视[js]","type":3,"api":"./lib/drpy2.min.js","ext":"./js/时光影视.js"},
{"key":"drpy_js_思古影视","name":"影视 | 思古影视","type":3,"api":"./lib/drpy2.min.js","ext":"./js/思古影视.js"},
{"key":"drpy_js_私人影院","name":"影视 | 私人影院[js]","type":3,"api":"./lib/drpy2.min.js","ext":"./js/私人影院.js"},
{"key":"drpy_js_素白白","name":"影视 | 素白白[js]","type":3,"api":"./lib/drpy2.min.js","ext":"./js/素白白.js"},
{"key":"drpy_js_网飞.TV","name":"影视 | 网飞.TV[js]","type":3,"api":"./lib/drpy2.min.js","ext":"./js/网飞.TV.js"},
{"key":"drpy_js_西瓜影院","name":"影视 | 西瓜影院[js]","type":3,"api":"./lib/drpy2.min.js","ext":"./js/西瓜影院.js"},
{"key":"drpy_js_蜥蜴影视","name":"影视 | 蜥蜴影视[js]","type":3,"api":"./lib/drpy2.min.js","ext":"./js/蜥蜴影视.js"},
{"key":"drpy_js_小狗影院","name":"影视 | 小狗影院[js]","type":3,"api":"./lib/drpy2.min.js","ext":"./js/小狗影院.js"},
{"key":"drpy_js_新视觉影视","name":"影视 | 新视觉影视[js]","type":3,"api":"./lib/drpy2.min.js","ext":"./js/新视觉影视.js"},
{"key":"drpy_js_星辰影院","name":"影视 | 星辰影院[js]","type":3,"api":"./lib/drpy2.min.js","ext":"./js/星辰.js"},
{"key":"drpy_js_玄天","name":"影视 | 玄天[js]","type":3,"api":"./lib/drpy2.min.js","ext":"./js/玄天.js"},
{"key":"drpy_js_映迷影院","name":"影视 | 映迷影院[js]","type":3,"api":"./lib/drpy2.min.js","ext":"./js/映迷影院.js"},
{"key":"drpy_js_中国人","name":"影视 | 中国人[js]","type":3,"api":"./lib/drpy2.min.js","ext":"./js/中国人.js"},
{"key":"drpy_js_追剧迷","name":"影视 | 追剧迷[js]","type":3,"api":"./lib/drpy2.min.js","ext":"./js/追剧迷.js"},
{"key":"drpy_js_子子影视","name":"影视 | 子子影视[js]","type":3,"api":"./lib/drpy2.min.js","ext":"./js/子子影视.js"},

{"key":"drpy_js_大师兄影视","name":"起飞 | 大师兄影视[js]","type":3,"api":"./lib/drpy2.min.js","ext":"./js/大师兄影视.js"},
{"key":"drpy_js_华乐影院","name":"起飞 | 华乐影院[js]","type":3,"api":"./lib/drpy2.min.js","ext":"./js/华乐影院[飞].js"},
{"key":"drpy_js_天天视频","name":"起飞 | 天天视频[js]","type":3,"api":"./lib/drpy2.min.js","ext":"./js/天天视频[飞].js"},
{"key":"drpy_js_起飞影院","name":"起飞 | 起飞影院[js]","type":3,"api":"./lib/drpy2.min.js","ext":"./js/起飞影院.js"},
{"key":"drpy_js_兰花影院","name":"起飞 | 兰花影院[js]","type":3,"api":"./lib/drpy2.min.js","ext":"./js/兰花影院.js"},
{"key":"drpy_js_胖虎","name":"起飞 | 胖虎[js]","type":3,"api":"./lib/drpy2.min.js","ext":"./js/胖虎.js"},
{"key":"drpy_js_555影视[飞]","name":"起飞 | 555影视[js]","type":3,"api":"./lib/drpy2.min.js","ext":"./js/555影视[飞].js"},
{"key":"drpy_js_if101[飞]","name":"起飞 | if101[js]","type":3,"api":"./lib/drpy2.min.js","ext":"./js/if101[飞].js"},
{"key":"drpy_js_KUBO影视[飞]","name":"起飞 | KUBO影视[js]","type":3,"api":"./lib/drpy2.min.js","ext":"./js/KUBO影视[飞].js"},
{"key":"drpy_js_爱壹帆[飞]","name":"起飞 | 爱壹帆[js]","type":3,"api":"./lib/drpy2.min.js","ext":"./js/爱壹帆[飞].js"},
{"key":"drpy_js_独播库[飞]","name":"起飞 | 独播库[js]","type":3,"api":"./lib/drpy2.min.js","ext":"./js/独播库[飞].js"},
{"key":"drpy_js_欧乐影院[飞]","name":"起飞 | 欧乐影院[js]","type":3,"api":"./lib/drpy2.min.js","ext":"./js/欧乐影院[飞].js"},
{"key":"drpy_js_小宝影院[飞]","name":"起飞 | 小宝影院[js]","type":3,"api":"./lib/drpy2.min.js","ext":"./js/小宝影院[飞].js"},

{"key":"bb","name":"配置接口完全免费","type":3,"api":"./lib/drpy2.min.js","ext":"./js/drpy.js"},
{"key":"cc","name":"请勿相信视频中任何广告","type":3,"api":"./lib/drpy2.min.js","ext":"./js/drpy.js"}
],
"parses":[
{"name":"Json聚合","type":3,"url":"Demo"},
{"name": "jx","type": 0,"url": "https://jx.m3u8.tv/jx/jx.php?url="},
{"name": "羽路均沾","type": 0,"url": "https://ylu.cc/index.php?url="},
{"name": "999","type": 0,"url": "https://huayong.net/999/?v="},
{"name": "jx5","type": 0,"url": "https://huayong.net/jx5/?url="},
{"name": "无尽","type": 0,"url": "https://jx.wujinkk.com/dplayer/?url=","ext":{"header":{"User-Agent":"Mozilla/5.0"}}},
{"name": "yemu","type": 0,"url": "https://www.yemu.xyz/?url="},
{"name": "vip4","type": 0,"url": "https://huayong.net/vip4/?url="},
{"name":"免费分享","type":0,"url":"https://jx.xmflv.com/?url=","ext":{"flag":["qq","腾讯","qiyi","爱奇艺","奇艺","youku","优酷","mgtv","芒果","imgo","letv","乐视","pptv","PPTV","sohu","bilibili","哔哩哔哩","哔哩"],"header":{"User-Agent":"okhttp/4.1.0"}}},
{"name":"全民","url":"http://api.wpsseo.cn/?v=","type":0,"ext":{"flag":["qiyi","imgo","爱奇艺","奇艺","qq","腾讯","youku","优酷","pptv","PPTV","letv","乐视","leshi","bilibili","哔哩哔哩","哔哩","mgtv","芒果","sohu","xigua","fun","风行"],"header":{"User-Agent":"Mozilla/5.0"}}},
{"name":"m3u8","type":0,"url":"https://jx.m3u8.tv/jiexi/?url="},
{"name":"8090","url":"https://www.8090.la/lander?url=","type":0,"ext":{"flag":["qiyi","imgo","爱奇艺","奇艺","qq","腾讯","youku","优酷","pptv","PPTV","letv","乐视","leshi","bilibili","哔哩哔哩","哔哩","mgtv","芒果","sohu","xigua","fun","风行"],"header":{"User-Agent":"Mozilla/5.0"}}},
{"name":"看看","type":0,"url":"https://jx.m3u8.pw/?url="},
{"name":"巧技","type":1,"url":"http://pandown.pro/app/kkdy.php?url=","ext":{"flag":["qq","腾讯","qiyi","爱奇艺","奇艺","youku","优酷","sohu","搜狐","letv","乐视","mgtv","芒果","rx","ltnb","bilibili","1905","xigua"]}},
{"name":"左岸","type":1,"url":"https://api.tyun77.cn/api.php/provide/parseDicturl?url=","ext":{"flag":["爱奇艺","奇艺","qq","腾讯","youku","优酷","pptv","PPTV","letv","乐视","leshi","bilibili","哔哩哔哩","哔哩","mgtv","芒果","芒果"],"header":{"User-Agent":"okhttp/3.12.0"}}},
{"name":"咸鱼","type":0,"url":"https://jx.xymp4.cc/?url=","ext":{"header":{"user-agent":"Mozilla/5.0(Linux;Android13;V2049ABuild/TP1A.220624.014;wv)AppleWebKit/537.36(KHTML,likeGecko)Version/4.0Chrome/116.0.0.0MobileSafari/537.36","referer":"https://www.xyflv.cc/"}}},
{"name":"云解析","type":0,"url":"https://jx.yparse.com/index.php?url=","ext":{"header":{"user-agent":"Mozilla/5.0(Linux;Android13;V2049ABuild/TP1A.220624.014;wv)AppleWebKit/537.36(KHTML,likeGecko)Version/4.0Chrome/116.0.0.0MobileSafari/537.36"}}}
],
"flags":["youku","优酷","优 酷","优酷视频", "qq","腾讯","腾 讯","腾讯视频", "iqiyi", "qiyi","奇艺","爱奇艺","爱 奇 艺", "m1905", "xigua", "letv","leshi","乐视","乐 视", "sohu","搜狐","搜 狐","搜狐视频", "tudou","mgtv","芒果","imgo","芒果TV","芒 果 T V", "bilibili","哔 哩","哔 哩 哔 哩","SPA","YuMi-vip","pptv","PPTV","ltnb","rx","SLYS4k","tucheng","BYGA","luanzi","dxzy","QEYSS","aliyun","AliS","122","chuangying","CL4K","xfyun","wuduzy","wasu","renrenmi","ppayun","haiwaikan","cool","dbm3u8","xmm","funshion","ruyi1080","ruyib1080"],
"doh":[
{"name":"Google","url":"https://dns.google/dns-query","ips":["8.8.4.4","8.8.8.8"]},
{"name":"Cloudflare","url":"https://cloudflare-dns.com/dns-query","ips":["1.1.1.1","1.0.0.1","2606:4700:4700::1111","2606:4700:4700::1001"]},
{"name":"AdGuard","url":"https://dns.adguard.com/dns-query","ips":["94.140.14.140","94.140.14.141"]},
{"name":"DNSWatch","url":"https://resolver2.dns.watch/dns-query","ips":["84.200.69.80","84.200.70.40"]},
{"name":"Quad9","url":"https://dns.quad9.net/dns-query","ips":["9.9.9.9","149.112.112.112"]},
{"name":"Me","url":"https://qist.cc/dns-query","ips":["47.94.105.9"]}
],
"rules":[
{"name":"proxy","hosts":["mypikpak.com",".*workers.dev","www.cilixiong.com","*.t4tv.hz.cz","kuba222.com","mp4us.com","dydhhy.com","magicalsearch.top","api123.adys.app","raw.githubusercontent.com","googlevideo.com","cdn.v82u1l.com","cdn.iz8qkg.com","cdn.kin6c1.com","c.biggggg.com","c.olddddd.com","haiwaikan.com","www.histar.tv","youtube.com","uhibo.com",".*boku.*",".*nivod.*",".*ulivetv.*"]},
{"name":"磁力廣告","hosts":["magnet"],"regex":["更多","社區","xuu","最新","最新","直播","更新","社区","有趣","有趣","英皇体育","全中文AV在线","澳门皇冠赌场","哥哥快来","美女荷官","裸聊","新片首发","UUE29"]},
{"name":"海外看","hosts":["haiwaikan"],"regex":["8.16","8.1748","10.0099","10.3333","10.85","12.33","16.0599"]},
{"name":"索尼","hosts":["suonizy"],"regex":["15.1666","15.2666"]},
{"name":"星星","hosts":["aws.ulivetv.net"],"regex":["#EXT-X-DISCONTINUITY\\r*\\n*#EXTINF:8,[\\s\\S]*?#EXT-X-DISCONTINUITY"]},
{"name":"量子广告","hosts":["vip.lz*","hd.lz*",".cdnlz",".cdnlz*"],"regex":["#EXTINF.*?\\s+[a-z0-9]{18,}\\.ts","[a-z0-9]{18,}\\.ts\\s+","#EXT-X-DISCONTINUITY\\r*\\n*#EXTINF.*?\\s+[a-z0-9]{18,}\\.ts[\\s\\S]*?#EXT-X-DISCONTINUITY"]},
{"name":"非凡广告","hosts":["vip.ffzy","hd.ffzy",".ffzy*","super.ffzy","super.ffzy*","svipsvip.ffzy","*.ffzy*"],"regex":["#EXT-X-DISCONTINUITY(?:\n.*?){8}\n#EXT-X-DISCONTINUITY","#EXT-X-DISCONTINUITY(?:\n(?!#EXT-X-DISCONTINUITY).*){10}\n#EXT-X-DISCONTINUITY"]},
{"name":"qihubf","hosts":["qihubf"],"regex":["#EXT-X-DISCONTINUITY\\r*\\n*#EXT-X-KEY:METHOD=NONE\\r*\\n*#EXTINF:2,[\\s\\S]*?#EXT-X-DISCONTINUITY\\r*\\n*#EXT-X-KEY:METHOD=AES-128","#EXT-X-DISCONTINUITY\\r*\\n*#EXT-X-KEY:METHOD=NONE\\r*\\n*#EXTINF:2,[\\s\\S]*?#EXT-X-DISCONTINUITY"]},
{"name":"快看广告","hosts":["kuaikan"],"regex":["#EXT-X-DISCONTINUITY\\r*\\n*#EXT-X-KEY:METHOD=NONE\\r*\\n*#EXTINF:.*?,[\\s\\S]*?#EXT-X-DISCONTINUITY"]},
{"name":"U酷资源广告","hosts":["ukzy"],"regex":["#EXT-X-DISCONTINUITY\\r*\\n*#EXT-X-KEY:METHOD=NONE\\r*\\n*#EXTINF:.*?,[\\s\\S]*?#EXT-X-DISCONTINUITY"]},
{"name":"ikun资源","hosts":["bfikuncdn"],"regex":["#EXT-X-DISCONTINUITY\\r*\\n*#EXT-X-KEY:METHOD=NONE\\r*\\n*#EXTINF:.*?,[\\s\\S]*?#EXT-X-DISCONTINUITY"]},
{"name":"卧龙影视资源","hosts":["cdn.wl*"],"regex":["#EXT-X-DISCONTINUITY\\r*\\n*#EXTINF:.*?,[\\s\\S]*?#EXT-X-DISCONTINUITY"]},
{"name":"暴风广告","hosts":["bfzy","bfbfvip","bfengbf"],"regex":["#EXTINF.*?\\s+.*?adjump.*?\\.ts\\s+"]},
{"name":"火山嗅探","hosts":["huoshan.com"],"regex":["item_id="]},
{"name":"抖音嗅探","hosts":["douyin.com"],"regex":["is_play_url="]},
{"name":"農民嗅探","hosts":["toutiaovod.com"],"regex":["video/tos/cn"]},
{"name":"七新嗅探","hosts":["api.52wyb.com"],"regex":["m3u8?pt=m3u8"]},
{"name":"夜市點擊","hosts":["yeslivetv.com"],"script":["document.getElementsByClassName('vjs-big-play-button')[0].click()"]},
{"name":"毛驢點擊","hosts":["www.maolvys.com"],"script":["document.getElementsByClassName('swal-buttonswal-button--confirm')[0].click()"]}
],
"ads": ["mimg.0c1q0l.cn","www.googletagmanager.com","www.google-analytics.com","mc.usihnbcq.cn","mg.g1mm3d.cn","mscs.svaeuzh.cn","cnzz.hhttm.top","tp.vinuxhome.com","cnzz.mmstat.com","www.baihuillq.com","s23.cnzz.com","z3.cnzz.com","c.cnzz.com","stj.v1vo.top","z12.cnzz.com","img.mosflower.cn","tips.gamevvip.com","ehwe.yhdtns.com","xdn.cqqc3.com","www.jixunkyy.cn","sp.chemacid.cn","hm.baidu.com","s9.cnzz.com","z6.cnzz.com","um.cavuc.com","mav.mavuz.com","wofwk.aoidf3.com","z5.cnzz.com","xc.hubeijieshikj.cn","tj.tianwenhu.com","xg.gars57.cn","k.jinxiuzhilv.com","cdn.bootcss.com","ppl.xunzhuo123.com","xomk.jiangjunmh.top","img.xunzhuo123.com","z1.cnzz.com","s13.cnzz.com","xg.huataisangao.cn","z7.cnzz.com","xg.huataisangao.cn","z2.cnzz.com","s96.cnzz.com","q11.cnzz.com","thy.dacedsfa.cn","xg.whsbpw.cn","s19.cnzz.com","z8.cnzz.com","s4.cnzz.com","f5w.as12df.top","ae01.alicdn.com","www.92424.cn","k.wudejia.com","vivovip.mmszxc.top","qiu.xixiqiu.com","cdnjs.hnfenxun.com","cms.qdwght.com","iqiyi.hbuioo.com","vip.ffzyad.com","wan.51img1.com","https://lf1-cdn-tos.bytegoofy.com/obj/tos-cn-i-dy/455ccf9e8ae744378118e4bd289288dd","mimg.0c1q0l.cn","www.googletagmanager.com","www.google-analytics.com","mc.usihnbcq.cn","mg.g1mm3d.cn","mscs.svaeuzh.cn","cnzz.hhttm.top","tp.vinuxhome.com","cnzz.mmstat.com","www.baihuillq.com","s23.cnzz.com","z3.cnzz.com","c.cnzz.com","stj.v1vo.top","z12.cnzz.com","img.mosflower.cn","tips.gamevvip.com","ehwe.yhdtns.com","xdn.cqqc3.com","www.jixunkyy.cn","sp.chemacid.cn","hm.baidu.com","s9.cnzz.com","z6.cnzz.com","um.cavuc.com","mav.mavuz.com","wofwk.aoidf3.com","z5.cnzz.com","xc.hubeijieshikj.cn","tj.tianwenhu.com","xg.gars57.cn","k.jinxiuzhilv.com","cdn.bootcss.com","ppl.xunzhuo123.com","xomk.jiangjunmh.top","img.xunzhuo123.com","z1.cnzz.com","s13.cnzz.com","xg.huataisangao.cn","z7.cnzz.com","xg.huataisangao.cn","z2.cnzz.com","s96.cnzz.com","q11.cnzz.com","thy.dacedsfa.cn","xg.whsbpw.cn","s19.cnzz.com","z8.cnzz.com","s4.cnzz.com","f5w.as12df.top","ae01.alicdn.com","www.92424.cn","k.wudejia.com","vivovip.mmszxc.top","qiu.xixiqiu.com","cdnjs.hnfenxun.com","cms.qdwght.com"]
}
