{
"spider":"./jar/pg.jar;md5;dffec63fb83a2b31b8606bd4bf6bead9",
"lives":[
{"name":"live","type":0,"url":"./tvlive.txt","playerType":1,"ua":"okhttp/3.15","epg":"http://epg.112114.xyz/?ch={name}&date={date}","logo":"https://epg.112114.xyz/logo/{name}.png"},
{"name":"Ray","type":0,"url":"https://github.moeyy.xyz/https://raw.githubusercontent.com/dxawi/0/main/tvlive.txt","playerType":1,"ua":"okhttp/3.15","epg":"http://epg.112114.xyz/?ch={name}&date={date}","logo":"https://epg.112114.xyz/logo/{name}.png"}
 ],
"wallpaper":"https://jianbian.chuqiuyu.workers.dev",
"sites":[
{"key":"drpy_js_豆瓣","name":"搜索 | 豆瓣[js]","type":3,"api":"./lib/drpy2.min.js","ext":"./js/drpy.js","searchable":1,"quickSearch":0,"changeable":0},
{"key":"drpy_js_磁力熊搜索","name":"搜索 | 磁力熊[js]","type":3,"api":"./lib/drpy2.min.js","indexs":1,"ext":"./js/cilixiong.js","searchable":0,"quickSearch":0,"changeable":1},
{"key":"lf_js_search","name":"搜索 | 路飞[js]","type":3,"searchable":0,"changeable":1,"quickSearch":0,"filterable":0,"api":"./lib/lf_search3_min.js"},
{"key":"drpy_js_荐片","name":"影视 | 荐片[js]","type":3,"api":"./lib/drpy2.min.js","searchable":1,"quickSearch":1,"changeable":1,"ext":"./js/荐片.js", "timeout":30},
{"key":"lf_js_p2p","name":"路飞 | 磁力[js]","type":3,"searchable":1,"changeable":1,"quickSearch":1,"filterable":1,"api":"./lib/lf_p2p2_min.js","timeout":30},
{"key":"lf_js_lf_live","name":"电视 | 直播[js]","type":3,"api":"./lib/lf_live_min.js","style":{ "type":"oval"},"searchable":1,"changeable":0,"quickSearch":1,"filterable":1,"ext":"./js/lf_live.txt"},

{"key":"豆瓣","name":"搜索 | 豆瓣[jar]","type":3,"api":"csp_Douban","indexs":1,"searchable":0,"changeable":1,"ext":"./json/douban.json"},
{"key":"TGYunPanLocal","name":"搜索 | TG[jar]","type":3,"api":"csp_TGYunPanLocal","timeout":60, "ext":"./lib/token.json$$$https://t.me/$$$hao115,guaguale115,dianyingshare,XiangxiuNB,yunpanpan,kuakeyun,zaihuayun,Quark_Movies,alyp_4K_Movies,vip115hot,yunpanshare,ucwangpan,Quark_Share_Channel,Aliyundrive_Share_Channel,shareAliyun,ikiviyyp,wanwansubchat,wangpanziyuan2021,alyp_1,quanziyuanshe$$$socks5://127.0.0.1:10172$$$1"},
{"key":"Youtube","name":"视频 | Youtube[jar]","type":3,"api": "csp_Youtube","searchable": 1,"quickSearch": 0,"changeable": 0,"ext":{"token":"./lib/token.json","json":"./json/youtube.json","type":"直播#新闻#剧集#电影#综艺#纪录片#音乐#体育#动物#风光#放松#4K#HDR#movie#music#documentary#bbc documentary#national geographic documentary","proxy":"socks5://127.0.0.1:10172","keywords":"排行榜,HOT,TRENDS,热门话题,热门趋势,热门综艺,热门电影,热门电视剧,小姐姐","codecs":"","danmu":true},"style": {"type": "rect","ratio": 1.77}},
{"key": "FirstAid","name": "科普 | 急救[jar]","type": 3,"api": "csp_FirstAid","searchable": 0,"quickSearch": 0,"changeable": 0,"style": {"type": "rect","ratio": 3.8}},
{"key":"配置中心","name":"配置 | 中心[jar]","type":3,"api":"csp_Config","searchable":0,"changeable":0,"style":{"type":"rect","ratio":1.5},"ext":"./lib/token.json"},
{"key":"酷狗","name":"音频 | 酷狗[jar]","type":3,"api":"csp_Kugou","searchable":1,"changeable":0},
{"key": "Iktv","name": "MV | KTV[jar]","type": 3,"api": "csp_Iktv","searchable": 1,"changeable": 0},
{"key": "Yinyuetai","name": "MV | 音悦台[jar]","type": 3,"api": "csp_Yinyuetai","searchable": 1,"changeable": 0},
{"key":"AliShareEBook","name":"书籍 | 分享[jar]","type":3,"api":"csp_AliShare","searchable":1,"quickSearch":0, "changeable":0, "filterable":0, "timeout":60, "ext":"./lib/token.json$$$./json/alishare.ebook.txt$$$db$$$1","style":{"type":"list"}},
{"key":"荐片弹幕版","name":"弹幕 | 荐片[jar]","type":3,"api":"csp_Jianpian","searchable":1,"quickSearch":1,"filterable":1,"ext":"./json/jianpian.json$$$1", "timeout":60},
{"key":"Bdys_spider","name":"弹幕 | 哔滴[jar]","api":"csp_Bdys01","type":3,"filterable":1,"quickSearch":1,"searchable":1,"ext":"./lib/token.json$$$https://www.bdys03.com/$$$null$$$1","timeout":30},
{"key": "天天","name": "弹幕 | 天天[jar]","type": 3,"api": "csp_TTian","playerType": 1,"ext": "http://op.ysdqjs.cn$$$null$$$1"},
{"key": "追剧","name": "弹幕 | 追剧[jar]","type": 3,"api": "csp_TTian","playerType": 1,"ext": "http://app.kzjtv.com$$$null$$$1"},
{"key":"NanGua","name":"弹幕 | 南瓜[jar]","type":3,"api":"csp_NanGua","searchable":1,"changeable":1,"ext":"null$$$1"},
{"key":"PushShare","name":"弹幕 | 资源分享[jar]","type":3, "api":"csp_PushShare","searchable":1,"quickSearch":1, "changeable":1, "filterable":0, "timeout":60, "ext":"./lib/token.json$$$./json/pushshare.txt$$$db$$$1","style": {"type": "list"}},
{"key":"PikPakShare","name":"弹幕 | PikPak分享[jar]","type":3,"api":"csp_PikPakShare","searchable":1,"quickSearch":1, "changeable":1, "filterable":0, "timeout":60, "ext":"./lib/token.json$$$./json/pikpakclass.json$$$./json/pikpakclass.json.db.gz"},
{"key":"AliShare","name":"弹幕 | 影视分享[jar]","type":3,"api":"csp_AliShare","searchable":1,"quickSearch":1, "changeable":1, "filterable":0, "timeout":60, "ext":"./lib/token.json$$$./json/alishare.txt$$$db$$$1"},
{"key":"ThunderShare","name":"弹幕 | 迅雷分享[jar]","type":3,"api":"csp_ThunderShare","searchable":1,"quickSearch":1, "changeable":1, "filterable":0, "timeout":60, "ext":"./lib/token.json$$$./json/thundershare.txt"},
{"key":"QuarkShare","name":"弹幕 | 夸克分享[jar]","type":3,"api":"csp_QuarkShare","searchable":1,"quickSearch":1, "changeable":1, "filterable":0, "timeout":60, "ext":"./lib/token.json$$$./json/quarkshare.txt"},
{"key":"115Share","name":"弹幕 | 115分享[jar]","type":3,"api":"csp_P115Share","searchable":1,"quickSearch":0, "changeable":0, "filterable":0, "timeout":60, "ext":"./lib/token.json$$$./json/115share.txt$$$db$$$1","style": {"type": "list","ratio": 1.1}},
{"key":"UCShare","name":"弹幕 | UC分享[jar]","type":3,"api":"csp_UCShare","searchable":1,"quickSearch":0, "changeable":0, "filterable":0, "timeout":60, "ext":"./lib/token.json$$$./json/ucshare.txt$$$db$$$1","style": {"type": "list","ratio": 1.1}},
{"key":"SambaShare","name":"弹幕 | Samba分享[jar]","type":3,"api":"csp_SambaShare","searchable":0,"quickSearch":0, "changeable":0, "filterable":0, "timeout":60, "ext":"./lib/token.json$$$./json/sambashare.txt"},
{"key":"Wogg","name":"弹幕 | 玩偶[jar]","type":3,"api":"csp_Wogg","quickSearch":1, "changeable":1, "filterable":1, "timeout":60, "ext":"./lib/token.json$$$https://www.wogg.net/$$$null$$$1$$$./wogg.json"},
{"key":"Wobg","name":"弹幕 | 表哥[jar]","type":3,"api":"csp_Wobg","quickSearch":1, "changeable":1, "filterable":1, "timeout":60, "ext":"./lib/token.json$$$https://wobge.run.goorm.io$$$null$$$1$$$./wogg.json"},
{"key":"yydsys","name":"弹幕 | 老哥[jar]","type":3,"api":"csp_Wobg","quickSearch":1, "changeable":1, "filterable":1, "timeout":60, "ext":"./lib/token.json$$$https://tv.yydsys.top/$$$null$$$1$$$./wogg.json"},
{"key":"蜡笔网盘","name":"弹幕 | 蜡笔[jar]","type":3,"api":"csp_Wobg","quickSearch":1, "changeable":1, "filterable":1, "timeout":60, "ext":"./lib/token.json$$$https://duopan.fun/$$$noproxy$$$1$$$./json/wogg.json$$$LABI"},
{"key":"Mogg","name":"网盘 | 木偶哥哥[jar]","type":3,"api":"csp_Wobg","quickSearch":1, "changeable":1, "filterable":1, "timeout":60, "ext":"./lib/token.json$$$http://mogg.top/$$$noproxy$$$1$$$./lib/wogg.json$$$MOGG"},
{"key": "土豆","name": "网盘 | 土豆[jar]","type": 3,"api": "csp_Wobg","searchable": 1,"filterable": 0,"changeable": 1, "timeout":60, "ext":"./lib/token.json$$$https://tudou.lvdoui.top/$$$proxy$$$1$$$./lib/wog.json$$$TUDOU"},
{"key": "小米网盘","name": "网盘 | 小米[jar]","type": 3,"api": "csp_Wobg","quickSearch": 1,"changeable": 1,"filterable": 1,"timeout": 60,"ext": "./lib/token.json$$$https://mihdr.top/$$$noproxy$$$1$$$./lib/wogg.json$$$XIAOMI"},
{"key":"Xinshijue","name":"弹幕 | 新视觉[jar]","type":3,"api":"csp_Xinshijue","quickSearch":1, "changeable":1, "filterable":1, "timeout":60, "ext":"./lib/token.json$$$https://www.80yy3.com/$$$1$$$./lib/wogg.json"},
{"key":"Moli","name":"弹幕 | HDmoli[jar]","type":3,"api":"csp_Moli","quickSearch":1, "changeable":1, "filterable":1, "timeout":60, "ext":"./lib/token.json$$$https://www.hdmoli.pro/$$$null$$$1$$$./json/moli.json"},
{"key":"Bt0","name":"弹幕 | 不太灵[jar]","type":3,"api":"csp_Bt0","quickSearch":1, "changeable":1, "filterable":1, "timeout":60, "ext":"./lib/token.json$$$null$$$null$$$1"},
{"key":"ddys","name":"弹幕 | 低端[jar]","type":3,"api":"csp_Ddys","quickSearch":1, "changeable":1, "filterable":1, "timeout":60, "ext":"./lib/token.json$$$https://ddys.pro/$$$proxy$$$1$$$"},
{"key":"美剧迷","name":"弹幕 | 美剧迷[jar]","type":3,"api":"csp_Meijumi", "quickSearch":1, "changeable":1, "filterable":1, "timeout":30,"ext":"./lib/token.json$$$https://www.meijumi.xyz/$$$null$$$1"},
{"key":"Ppxzy","name":"弹幕 | 皮皮虾[jar]","type":3,"api":"csp_Ppxzy", "quickSearch":1, "changeable":1, "filterable":1, "ext":"./lib/token.json$$$https://ppxzy.net/$$$null", "timeout":30}, 
{"key":"新6V","name":"弹幕 | 新6V[jar]","type":3,"api":"csp_Xb6v","searchable":1,"changeable":1,"timeout":60,"ext":"./lib/token.json$$$https://www.66ss.org$$$1"},
{"key":"4KHDR","name":"弹幕 | 4KHDR[jar]","type":3,"api":"csp_FourKHDR","ext":"./lib/token.json$$$http://127.0.0.1:9978/file/TV/4khdr.txt","quickSearch":1,"changeable":1,"timeout":60},
{"key":"校长影视","name":"弹幕 | 校长[jar]","type":3,"api":"csp_XiaoZhang","ext":"./lib/token.json","quickSearch":1,"changeable":1,"timeout":30},
{"key":"团长资源","name":"弹幕 | 团长[jar]","type":3,"api":"csp_TZFile","ext":"./lib/token.json", "quickSearch":1, "changeable":1, "timeout":30},
{"key":"Hdhive","name":"弹幕 | 影巢[jar]","type":3,"api":"csp_Hdh","quickSearch":1, "changeable":1, "filterable":1, "timeout":60, "ext":"./lib/token.json$$$https://hdhive.online$$$noproxy$$$1$$$http://127.0.0.1:9978/file/TV/hdhive.txt"},
{"key":"Panta","name":"弹幕 | 盘Ta[jar]","type":3,"api":"csp_Panta","quickSearch":1, "changeable":1, "filterable":1, "timeout":30, "ext":"./lib/token.json$$$https://www.91panta.cn/$$$null$$$1"},
{"key":"YunPan","name":"弹幕 | 云盘[jar]","type":3,"api":"csp_YunPan","timeout":60, "ext":"./lib/token.json$$$null$$$proxy$$$1"},
{"key":"Wo4k","name":"弹幕 | 玩偶4k[jar]","type":3,"api":"csp_Wo4k","quickSearch":1, "changeable":1, "filterable":1, "timeout":60, "ext":"./lib/token.json$$$https://www.wo4k.com/$$$proxy$$$1$$$./wogg.json"},
{"key":"Xpanpan","name":"弹幕 | 小盘盘[jar]","type":3,"api":"csp_Xpanpan","quickSearch":1, "changeable":1, "filterable":1, "timeout":60, "ext":"./lib/token.json$$$https://xpanpan.site$$$null$$$1"},
{"key":"Gaoqing","name":"弹幕 | 高清网[jar]","type":3,"api":"csp_Gaoqing","quickSearch":1, "changeable":1, "filterable":1, "timeout":60, "ext":"./lib/token.json$$$https://gaoqing.la/$$$proxy$$$1"},
{"key":"音范丝","name":"弹幕 | 音范丝[jar]","type":3,"api":"csp_Gaoqing","quickSearch":1, "changeable":1, "filterable":1, "timeout":60, "ext":"./lib/token.json$$$https://www.yinfans.me/$$$proxy$$$1"},

{"key":"TGYunPan","name":"网盘 | TG搜索[jar]","type":3,"api":"csp_TGYunPan","timeout":60, "ext":"./lib/token.json$$$http://144.126.217.226:8000/$$$hao115,Aliyundrive_Share_Channel,kuakeyun$$$noproxy$$$1"},
{"key":"YingSo","name":"磁力 | 影搜[jar]","type":3,"api":"csp_YingSo","timeout":60, "ext":"./lib/token.json$$$1"},
{"key":"盘友圈","name":"网盘 | 盘友圈","type":3,"api":"csp_Panyq","timeout":60, "ext":"./lib/token.json"},
{"key":"88Pan","name":"网盘 | 88网盘[jar]","type":3,"api":"csp_EightEight","timeout":30, "ext":"./lib/token.json$$$https://662688.xyz"},
{"key":"PikaSo","name":"网盘 | 皮卡搜[jar]","type":3,"api":"csp_PikaSo","quickSearch":1, "changeable":1, "filterable":1, "timeout":30, "ext":"./lib/token.json$$$https://www.pikaso.top/$$$null"},
{"key":"csp_HunHePan","name":"网盘 | 混合盘[jar]","type":3,"api":"csp_HunHePan","searchable":1,"quickSearch":1, "changeable":1, "filterable":0, "timeout":60, "ext":"./lib/token.json$$$null$$$1"},
{"key":"秒搜","name":"网盘 | 秒搜[jar]","type":3,"api":"csp_MiaoSou","timeout":30, "ext":"./lib/token.json"},
{"key":"Libvio","name":"网盘 | LIBVIO[jar]","type":3,"api":"csp_Libvio","quickSearch":1, "changeable":1, "filterable":1, "timeout":30, "ext":"./lib/token.json$$$https://www.libvio.fun$$$null"},
{"key":"DaPanSo","name":"网盘 | 大盘搜[jar]","type":3,"api":"csp_DaPanSo","quickSearch":1, "changeable":1, "filterable":1, "timeout":30, "ext":"./lib/token.json$$$https://dapanso.com$$$null"},
{"key":"Qianfan","name":"网盘 | 千帆[jar]","type":3,"api":"csp_Qianfan","quickSearch":1, "changeable":1, "filterable":1, "timeout":30, "ext":"./lib/token.json$$$https://pan.qianfan.app$$$null$$$QianFanID="},
{"key":"YunSo","name":"网盘 | 小云[jar]","type":3,"api":"csp_YunSo","quickSearch":1, "changeable":1, "filterable":1, "timeout":30, "ext":"./lib/token.json"},
{"key":"YunPanOne","name":"网盘 | 云盘[jar]","type":3,"api":"csp_YunPanOne","quickSearch":1, "changeable":1, "filterable":1, "timeout":30, "ext":"./lib/token.json"},
{"key":"Gitcafe", "name": "阿里 | 纸条[jar]", "type": 3, "api": "csp_Gitcafe", "searchable": 1, "quickSearch": 1, "filterable": 0, "ext":"./lib/token.json", "timeout":30},
{"key":"小紙條", "name": "阿里 | 小紙條[jar]", "type": 3, "api": "csp_XiaoZhiTiao", "searchable": 1, "quickSearch": 1, "filterable": 0, "ext":"./lib/token.json", "timeout":30},
{"key":"七夜","name":"阿里 | 七夜[jar]","type":3,"api":"csp_Dovx","searchable":1,"changeable":0,"ext":"./lib/token.json", "timeout":30},
{"key":"盤搜索","name":"阿里 | 盤搜索[jar]","type":3,"api":"csp_PanSearch","searchable":1,"changeable":0,"ext":"./lib/token.json", "timeout":30},
{"key":"找資源","name":"阿里 | 找資源[jar]","type":3,"api":"csp_Zhaozy","searchable":1,"changeable":0,"ext":"./lib/token.json", "timeout":30},
{"key":"易搜","name":"阿里 | 易搜[jar]","type":3,"api":"csp_YiSo","ext":"./lib/token.json", "timeout":30},
{"key":"盘搜","name":"阿里 | 盘搜[jar]","type":3,"api":"csp_PanSou","ext":"./lib/token.json", "timeout":30},
{"key":"UP云搜","name":"阿里 | up云搜[jar]","type":3,"api":"csp_UpYun","ext":"./lib/token.json", "timeout":30},
{"key":"Funletu","name":"夸克  | 趣盘搜[jar]","type":3,"api":"csp_Funletu","quickSearch":1, "changeable":1, "filterable":1, "timeout":30, "ext":"./lib/token.json"},
{"key":"QuarkPanso","name":"夸克 | 盘搜[jar]","type":3,"api":"csp_QuarkPanso","quickSearch":1, "changeable":1, "filterable":1, "timeout":30, "ext":"./lib/token.json"},

{"key":"drpy_js_酷云77","name":"影视 | 酷云77[js]","type":3,"api":"./lib/drpy2.min.js","ext":"./js/酷云77.js"},
{"key":"drpy_js_快看","name":"影视 | 快看[js]","type":3,"api":"./lib/drpy2.min.js","ext":"./js/快看.js"},
{"key":"drpy_js_爱看","name":"影视 | 爱看[js]","type":3,"api":"./lib/drpy2.min.js","ext":"./js/爱看.js"},
{"key":"drpy_js_低端","name":"影视 | 低端[js]","type":3,"api":"./lib/drpy2.min.js","ext":"./js/ddys_d.js"},
{"key":"drpy_js_南瓜影视","name":"影视 | 南瓜影视[js]","type":3,"api":"./lib/drpy2.min.js","ext":"./js/南瓜影视.js"},
{"key":"drpy_js_Auete","name":"影视 | Auete[js]","type":3,"api":"./lib/drpy2.min.js","ext":"./js/Auete.js"},
{"key":"drpy_js_cokemv","name":"影视 | cokemv[js]","type":3,"api":"./lib/drpy2.min.js","ext":"./js/cokemv.js"},
{"key":"drpy_js_LIBVIO","name":"影视 | LIBVIO[js]","type":3,"api":"./lib/drpy2.min.js","ext":"./js/LIBVIO.js"},
{"key":"drpy_js_voflix","name":"影视 | voflix[js]","type":3,"api":"./lib/drpy2.min.js","ext":"./js/voflix.js"},
{"key":"drpy_js_两个BT","name":"影视 | 两个BT[js]","type":3,"api":"./lib/drpy2.min.js","ext":"./js/两个BT.js"},
{"key":"drpy_js_量子影视","name":"影视 | 量子影视[js]","type":3,"api":"./lib/drpy2.min.js","ext":"./js/量子影视.js"},
{"key":"drpy_js_农民","name":"影视 | 农民影视[js]","type":3,"api":"./lib/drpy2.min.js","ext":"./js/农民影视.js"},
{"key":"drpy_js_在线之家","name":"影视 | 在线之家[js]","type":3,"api":"./lib/drpy2.min.js","ext":"./js/在线之家.js"},
{"key":"drpy_js_量子资源","name":"影视 | 量子资源[js]","type":3,"api":"./lib/drpy2.min.js","ext":"./js/量子资源.js"},
{"key":"drpy_js_369影视","name":"影视 | 369影视[js]","type":3,"api":"./lib/drpy2.min.js","ext":"./js/369影视.js"},

{"key":"drpy_js_热播库","name":"影视 | 热播库[js]","type":3,"api":"./lib/drpy2.min.js","ext":"./js/热播库.js"},
{"key":"drpy_js_蛋蛋剧","name":"影视 | 蛋蛋剧[js]","type":3,"api":"./lib/drpy2.min.js","ext":"./js/蛋蛋剧.js"},
{"key":"drpy_js_B站影视","name":"影视 | B站影视[js]","type":3,"api":"./lib/drpy2.min.js","ext":"./js/B站影视.js"},
{"key":"drpy_js_凌云影视","name":"影视 | 凌云影视[js]","type":3,"api":"./lib/drpy2.min.js","ext":"./js/凌云影视.js"},
{"key":"drpy_js_孜然影视","name":"影视 | 孜然影视[js]","type":3,"api":"./lib/drpy2.min.js","ext":"./js/孜然影视.js"},
{"key":"drpy_js_我爱跟剧","name":"影视 | 我爱跟剧[js]","type":3,"api":"./lib/drpy2.min.js","ext":"./js/我爱跟剧.js"},
{"key":"drpy_js_干饭影视","name":"影视 | 干饭影视[js]","type":3,"api":"./lib/drpy2.min.js","ext":"./js/干饭影视.js"},
{"key":"drpy_js_秋霞影视","name":"影视 | 秋霞影视[js]","type":3,"api":"./lib/drpy2.min.js","ext":"./js/秋霞影视.js"},
{"key":"drpy_js_阿布影院","name":"影视 | 阿布影院[js]","type":3,"api":"./lib/drpy2.min.js","ext":"./js/阿布影院.js"},
{"key":"drpy_js_电影先生","name":"影视 | 电影先生[js]","type":3,"api":"./lib/drpy2.min.js","ext":"./js/电影先生.js"},
{"key":"drpy_js_落攻阁影视","name":"影视 | 落攻阁影视[js]","type":3,"api":"./lib/drpy2.min.js","ext":"./js/落攻阁影视.js"},
{"key":"drpy_js_69美剧","name":"影视 | 69美剧[js]","type":3,"api":"./lib/drpy2.min.js","ext":"./js/69美剧.js"},
{"key":"drpy_js_兄弟影视","name":"影视 | 兄弟影视[js]","type":3,"api":"./lib/drpy2.min.js","ext":"./js/兄弟影视.js"},
{"key":"drpy_js_4k剧院","name":"影视 | 4k剧院[js]","type":3,"api":"./lib/drpy2.min.js","ext":"./js/4k剧院.js"},
{"key":"drpy_js_爱迪影视","name":"影视 | 爱迪影视[js]","type":3,"api":"./lib/drpy2.min.js","ext":"./js/爱迪影视.js"},
{"key":"drpy_js_539影视","name":"影视 | 539影视[js]","type":3,"api":"./lib/drpy2.min.js","ext":"./js/539影视.js"},
{"key":"drpy_js_333影视","name":"影视 | 333影视[js]","type":3,"api":"./lib/drpy2.min.js","ext":"./js/333影视.js"},
{"key":"drpy_js_996影视","name":"影视 | 996影视[js]","type":3,"api":"./lib/drpy2.min.js","ext":"./js/996影视.js"},
{"key":"drpy_js_188影视","name":"影视 | 188影视[js]","type":3,"api":"./lib/drpy2.min.js","ext":"./js/188影视.js"},
{"key":"drpy_js_哔嘀影视","name":"影视 | 哔嘀影视[js]","type":3,"api":"./lib/drpy2.min.js","ext":"./js/哔嘀影视.js"},

{"key":"drpy_js_7喜影院","name":"影视 | 7喜影院[js]","type":3,"api":"./lib/drpy2.min.js","ext":"./js/7喜影院.js"},
{"key":"drpy_js_18哈","name":"影视 | 18哈[js]","type":3,"api":"./lib/drpy2.min.js","ext":"./js/18哈.js"},
{"key":"drpy_js_567电影院","name":"影视 | 567电影院[js]","type":3,"api":"./lib/drpy2.min.js","ext":"./js/567电影院.js"},
{"key":"drpy_js_Fun4K","name":"影视 | Fun4K[js]","type":3,"api":"./lib/drpy2.min.js","ext":"./js/Fun4K.js"},
{"key":"drpy_js_KOK影院","name":"影视 | KOK影院[js]","type":3,"api":"./lib/drpy2.min.js","ext":"./js/KOK影院.js"},
{"key":"drpy_js_TVB云播","name":"影视 | TVB云播[js]","type":3,"api":"./lib/drpy2.min.js","ext":"./js/TVB云播.js"},
{"key":"drpy_js_UrleBird[飞]","name":"影视 | UrleBird[飞][js]","type":3,"api":"./lib/drpy2.min.js","ext":"./js/UrleBird[飞].js"},
{"key":"drpy_js_爱看影院","name":"影视 | 爱看影院[js]","type":3,"api":"./lib/drpy2.min.js","ext":"./js/爱看影院.js"},
{"key":"drpy_js_北川影视","name":"影视 | 北川影视[js]","type":3,"api":"./lib/drpy2.min.js","ext":"./js/北川影视.js"},
{"key":"drpy_js_尘落影视","name":"影视 | 尘落影视[js]","type":3,"api":"./lib/drpy2.min.js","ext":"./js/尘落影视.js"},
{"key":"drpy_js_达达龟","name":"影视 | 达达龟[js]","type":3,"api":"./lib/drpy2.min.js","ext":"./js/达达龟.js"},
{"key":"drpy_js_蛋蛋赞","name":"影视 | 蛋蛋赞[js]","type":3,"api":"./lib/drpy2.min.js","ext":"./js/蛋蛋赞.js"},
{"key":"drpy_js_多瑙影视","name":"影视 | 多瑙影视[js]","type":3,"api":"./lib/drpy2.min.js","ext":"./js/多瑙影视.js"},
{"key":"drpy_js_剧迷su","name":"影视 | 剧迷su[js]","type":3,"api":"./lib/drpy2.min.js","ext":"./js/剧迷su.js"},
{"key":"drpy_js_看韩剧","name":"影视 | 看韩剧[js]","type":3,"api":"./lib/drpy2.min.js","ext":"./js/看韩剧.js"},
{"key":"drpy_js_看了么","name":"影视 | 看了么[js]","type":3,"api":"./lib/drpy2.min.js","ext":"./js/看了么.js"},
{"key":"drpy_js_蓝光影院","name":"影视 | 蓝光影院[js]","type":3,"api":"./lib/drpy2.min.js","ext":"./js/蓝光影院.js"},
{"key":"drpy_js_首播影院","name":"影视 | 首播影院[js]","type":3,"api":"./lib/drpy2.min.js","ext":"./js/首播影院.js"},
{"key":"drpy_js_小白菜电影","name":"影视 | 小白菜电影[js]","type":3,"api":"./lib/drpy2.min.js","ext":"./js/小白菜电影.js"},
{"key":"drpy_js_影视工场","name":"影视 | 影视工场[js]","type":3,"api":"./lib/drpy2.min.js","ext":"./js/影视工场.js"},
{"key":"drpy_js_影视之家[V2]","name":"影视 | 影视之家[V2][js]","type":3,"api":"./lib/drpy2.min.js","ext":"./js/影视之家[V2].js"},
{"key":"drpy_js_悠久影院","name":"影视 | 悠久影院[js]","type":3,"api":"./lib/drpy2.min.js","ext":"./js/悠久影院.js"},
{"key":"drpy_js_中国人线上看","name":"影视 | 中国人线上看[js]","type":3,"api":"./lib/drpy2.min.js","ext":"./js/中国人线上看.js"},

{"key":"drpy_js_555电影[V2]","name":"影视 | 555电影[V2]","type":3,"api":"./lib/drpy2.min.js","ext":"./js/555电影[V2].js"},
{"key":"drpy_js_69美剧[V2]","name":"影视 | 69美剧[V2]","type":3,"api":"./lib/drpy2.min.js","ext":"./js/69美剧[V2].js"},
{"key":"drpy_js_cokemv[V2]","name":"影视 | cokemv[V2]","type":3,"api":"./lib/drpy2.min.js","ext":"./js/cokemv[V2].js"},
{"key":"drpy_js_UM电影[V2]","name":"影视 | UM电影[V2]","type":3,"api":"./lib/drpy2.min.js","ext":"./js/UM电影[V2].js"},
{"key":"drpy_js_爱迪[V2]","name":"影视 | 爱迪[V2][js]","type":3,"api":"./lib/drpy2.min.js","ext":"./js/爱迪[V2].js"},
{"key":"drpy_js_宝片[V2]","name":"影视 | 宝片[V2]","type":3,"api":"./lib/drpy2.min.js","ext":"./js/宝片[V2].js"},
{"key":"drpy_js_刺桐[V2]","name":"影视 | 刺桐[V2][js]","type":3,"api":"./lib/drpy2.min.js","ext":"./js/刺桐[V2].js"},
{"key":"drpy_js_咕噜[V2]","name":"影视 | 咕噜[V2]","type":3,"api":"./lib/drpy2.min.js","ext":"./js/咕噜[V2].js"},
{"key":"drpy_js_吼吼[V2]","name":"影视 | 吼吼[V2]","type":3,"api":"./lib/drpy2.min.js","ext":"./js/吼吼[V2].js"},
{"key":"drpy_js_曲奇影视[V2]","name":"影视 | 曲奇影视[V2]","type":3,"api":"./lib/drpy2.min.js","ext":"./js/曲奇影视[V2].js"},
{"key":"drpy_js_影探[V2]","name":"影视 | 影探[V2]","type":3,"api":"./lib/drpy2.min.js","ext":"./js/影探[V2].js"},
{"key":"drpy_js_北极狐[V2]","name":"影视 | 北极狐[V2]","type":3,"api":"./lib/drpy2.min.js","ext":"./js/北极狐[V2].js"},
{"key":"drpy_js_大米星球[V2]","name":"影视 | 大米星球[V2]","type":3,"api":"./lib/drpy2.min.js","ext":"./js/大米星球[V2].js"},
{"key":"drpy_js_奈飞狗[V2]","name":"影视 | 奈飞狗[V2]","type":3,"api":"./lib/drpy2.min.js","ext":"./js/奈飞狗[V2].js"},
{"key":"drpy_js_思古影视[V2]","name":"影视 | 思古影视[V2]","type":3,"api":"./lib/drpy2.min.js","ext":"./js/思古影视[V2].js"},
{"key":"drpy_js_映迷[V2]","name":"影视 | 映迷[V2]","type":3,"api":"./lib/drpy2.min.js","ext":"./js/映迷[V2].js"},
{"key":"drpy_js_美益达[V2]","name":"影视 | 美益达[V2]","type":3,"api":"./lib/drpy2.min.js","ext":"./js/美益达[V2].js"},
{"key":"drpy_js_落攻阁影视[V2]","name":"影视 | 落攻阁影视[V2]","type":3,"api":"./lib/drpy2.min.js","ext":"./js/落攻阁影视[V2].js"},
{"key":"drpy_js_西门[V2]","name":"影视 | 西门[V2]","type":3,"api":"./lib/drpy2.min.js","ext":"./js/西门[V2].js"},
{"key":"drpy_js_路人甲[V2]","name":"影视 | 路人甲[V2]","type":3,"api":"./lib/drpy2.min.js","ext":"./js/路人甲[V2].js"},
{"key":"drpy_js_鑫鑫[V2]","name":"影视 | 鑫鑫[V2]","type":3,"api":"./lib/drpy2.min.js","ext":"./js/鑫鑫[V2].js"},

{"key":"drpy_js_360影视","name":"官源 | 360[js]","type":3,"api":"./lib/drpy2.min.js","ext":"./js/360影视.js"},
{"key":"drpy_js_百忙无果","name":"官源 | 芒果[js]","type":3,"api":"./lib/drpy2.min.js","ext":"./js/百忙无果.js"},
{"key":"drpy_js_腾云驾雾","name":"官源 | 腾讯[js]","type":3,"api":"./lib/drpy2.min.js","ext":"./js/腾云驾雾.js"},
{"key":"drpy_js_奇珍异兽","name":"官源 | 爱奇艺[js]","type":3,"api":"./lib/drpy2.min.js","ext":"./js/奇珍异兽.js"},
{"key":"drpy_js_菜狗","name":"官源 | 搜狗[js]","type":3,"api":"./lib/drpy2.min.js","ext":"./js/菜狗.js"},
{"key":"drpy_js_优酷","name":"官源 | 优酷[js]","type":3,"api":"./lib/drpy2.min.js","ext":"./js/优酷.js"},

{"key":"drpy_js_4KHDR","name":"磁力 | 4KHDR[js]","type":3,"api":"./lib/drpy2.min.js","ext":"./js/4khdr.js","playerType":"1", "searchable":1, "quickSearch":1, "changeable":1, "timeout":30},
{"key":"drpy_js_极影网","name":"磁力 | 极影网[js]","type":3,"api":"./lib/drpy2.min.js","ext":"./js/jiyingw.js","playerType":"1", "searchable":1, "quickSearch":1, "changeable":1, "timeout":30},
{"key":"drpy_js_MP4US","name":"磁力 | MP4电影[js]","type":3,"api":"./lib/drpy2.min.js","ext":"./js/mp4us.js","playerType":"1", "searchable":1, "quickSearch":1, "changeable":1, "timeout":30},
{"key":"drpy_js_电影港","name":"磁力 | 电影港[js]","type":3,"api":"./lib/drpy2.min.js","ext":"./js/dygang.js","playerType":"1", "searchable":1, "quickSearch":1, "changeable":1, "timeout":30},
{"key":"drpy_js_kuba","name":"磁力 | 酷吧[js]","type":3,"api":"./lib/drpy2.min.js","ext":"./js/kuba.js", "quickSearch":1, "changeable":1, "timeout":30},
{"key":"drpy_js_xb6v","name":"磁力 | 新版6v[js]","type":3,"api":"./lib/drpy2.min.js","ext":"./js/xb6v.js","playerType":"1", "searchable":1, "quickSearch":1, "changeable":1, "timeout":30},
{"key":"drpy_js_美剧迷","name":"磁力 | 美剧迷[js]","type":3,"api":"./lib/drpy2.min.js","ext":"./js/meijumi.js", "quickSearch":1, "changeable":1, "timeout":30},
{"key":"drpy_js_ddys","name":"影视 | 低端影视[js]","type":3,"api":"./lib/drpy2.min.js","ext":"./js/ddys.js", "quickSearch":1, "changeable":1, "timeout":30},
{"key":"drpy_js_libvio","name":"影视 | libvio[js]","type":3,"api":"./lib/drpy2.min.js","ext":"./js/libvio.js", "quickSearch":1, "changeable":1, "timeout":30},
{"key":"drpy_js_tzfile","name":"影视 | 团长影视[js]","type":3,"api":"./lib/drpy2.min.js","ext":"./js/tzfile.js", "quickSearch":1, "changeable":1, "timeout":30},
{"key":"drpy_js_dydhhy","name":"影视 | dydhhy[js]","type":3,"api":"./lib/drpy2.min.js","ext":"./js/dydhhy.js", "quickSearch":1, "changeable":1, "timeout":30},
{"key":"drpy_js_97tvs","name":"影视 | 97tvs[js]","type":3,"api":"./lib/drpy2.min.js","ext":"./js/97tvs.js", "quickSearch":1, "changeable":1, "timeout":30}, 
{"key":"drpy_js_rrdyw","name":"影视 | rrdyw[js]","type":3,"api":"./lib/drpy2.min.js","ext":"./js/rrdyw.js", "quickSearch":1, "changeable":1, "timeout":30}, 
{"key":"drpy_js_校长影视","name":"夸克 | 校长影视[js]","type":3,"api":"./lib/drpy2.min.js","ext":"./js/xzys.js", "quickSearch":1, "changeable":1, "timeout":30},
{"key":"drpy_js_yyets","name":"夸克 | 人人影视搜[js]","type":3,"api":"./lib/drpy2.min.js","ext":"./js/yyets.js", "quickSearch":1, "changeable":1, "timeout":30},
{"key":"drpy_js_奇妙搜[夸]","name":"夸克 | 奇妙搜[js]","type":3,"api":"./lib/drpy2.min.js","ext":"./js/qimiao.js", "quickSearch":1, "changeable":1, "timeout":30},
{"key":"drpy_js_愛盤搜","name":"夸克 | 爱盘搜[js]","type":3,"api":"./lib/drpy2.min.js","ext":"./js/aipanso.js", "quickSearch":1, "changeable":1, "timeout":30},
{"key":"drpy_js_趣盤搜","name":"夸克 | 趣盘搜[js]","type":3,"api":"./lib/drpy2.min.js","ext":"./js/funletu.js", "quickSearch":1, "changeable":1, "timeout":30},
{"key":"drpy_js_meow","name":"影视 | meow搜[js]","type":3,"api":"./lib/drpy2.min.js","ext":"./js/meow.js", "quickSearch":1, "changeable":1, "timeout":30}, 
{"key": "push_quark","name": "夸克 | 推送","type": 3,"api": "csp_Quark","changeable":0,"ext": "http://127.0.0.1:9978/file/TV/quark.txt", "timeout":30},
{"key":"push_agent","name":"手机 | 推送[jar]","type":3,"api":"csp_Push","searchable":0,"quickSearch":0,"changeable":0,"ext":"./lib/token.json", "timeout":30},

{"key":"drpy_js_磁力熊[磁]","name":"磁力 | 磁力熊[js]","type":3,"api":"./lib/drpy2.min.js","searchable":1,"quickSearch":1,"changeable":0,"ext":"./js/磁力熊[磁].js", "timeout":30},
{"key":"drpy_js_6V新版[磁]","name":"磁力 | 6V新版[js]","type":3,"api":"./lib/drpy2.min.js","searchable":1,"quickSearch":1,"changeable":0,"ext":"./js/6V新版[磁].js", "timeout":30},
{"key":"drpy_js_童趣","name":"少儿 | 童趣[js]","type":3,"api":"./lib/drpy2.min.js","changeable":0,"style":{"type":"rect","ratio":1.597},"ext":"./js/童趣.js"},
{"key":"drpy_js_兔小贝","name":"少儿 | 兔小贝[js]","type":3,"api":"./lib/drpy2.min.js","style":{"type":"rect","ratio":1.597},"changeable":0,"ext":"./js/兔小贝.js"},
{"key":"drpy_js_有声绘本网","name":"少儿 | 有声绘本[js]","type":3,"api":"./lib/drpy2.min.js","changeable":0,"style":{"type":"rect","ratio":1},"ext":"./js/有声绘本网.js"},
{"key":"drpy_js_我的哔哩","name":"弹幕 | 哔哩合集[js]","type":3,"api":"./lib/drpy2.min.js","style":{"type":"rect","ratio":1.597},"changeable":0,"ext":"./js/我的哔哩.js"},
{"key":"drpy_js_哔哩直播","name":"弹幕 | 哔哩直播[js]","type":3,"api":"./lib/drpy2.min.js","style":{"type":"rect","ratio":1.597},"changeable":0,"ext":"./js/哔哩直播.js"},
{"key":"drpy_js_哔哩影视","name":"弹幕 | 哔哩影视[js]","type":3,"api":"./lib/drpy2.min.js","style":{"type":"rect","ratio":1.597},"changeable":0,"ext":"./js/哔哩影视.js"},
{"key":"drpy_js_JustLive","name":"弹幕 | JustLive[js]","type":3,"api":"./lib/drpy2.min.js","style":{"type":"rect","ratio":1.597},"changeable":0,"ext":"./js/JustLive.js"},
{"key":"drpy_js_斗鱼直播","name":"直播 | 斗鱼[js]","type":3,"api":"./lib/drpy2.min.js","style":{"type":"rect","ratio":1.597},"changeable":0,"ext":"./js/斗鱼直播.js"},
{"key":"drpy_js_虎牙直播","name":"直播 | 虎牙[js]","type":3,"api":"./lib/drpy2.min.js","style":{"type":"rect","ratio":1.597},"changeable":0,"ext":"./js/虎牙直播.js"},
{"key":"drpy_js_310直播","name":"体育 | 310直播[js]","type":3,"api":"./lib/drpy2.min.js","changeable":0,"style":{"type":"rect","ratio":1},"ext":"./js/310直播.js"},
{"key":"drpy_js_88看球","name":"体育 | 88看球[js]","type":3,"api":"./lib/drpy2.min.js","changeable":0,"style":{"type":"rect","ratio":1},"ext":"./js/88看球.js"},
{"key":"drpy_js_JRKAN直播","name":"体育 | JRKAN直播[js]","type":3,"api":"./lib/drpy.min.js","changeable":0,"style":{"type":"rect","ratio":1},"ext":"./js/JRKAN直播.js"},
{"key":"drpy_js_抓饭体育","name":"体育 | 抓饭体育[js]","type":3,"api":"./lib/drpy.min.js","changeable":0,"style":{"type":"rect","ratio":1},"ext":"./js/抓饭体育.js"},
{"key":"drpy_js_好趣网","name":"电视 | 好趣网[js]","type":3,"api":"./lib/drpy2.min.js","style":{"type":"rect","ratio":1.333},"changeable":0,"ext":"./js/好趣网.js"},
{"key":"drpy_js_相声随身听","name":"相声 | 相声随身听[js]","type":3,"api":"./lib/drpy2.min.js","changeable":0,"ext":"./js/相声随身听.js"},
{"key":"drpy_js_评书随身听","name":"评书 | 评书随身听[js]","type":3,"api":"./lib/drpy2.min.js","changeable":0,"ext":"./js/评书随身听.js"},
{"key":"drpy_js_武享吧","name":"格斗 | 武享吧[js]","type":3,"api":"./lib/drpy2.min.js","changeable":0,"ext":"./js/武享吧.js"},
{"key":"drpy_js_Alist","name":"网盘 | Alist[js]","type":3,"api":"./lib/alist.min.js","changeable":0,"ext":"./js/alist.json"},

{"key":"drpy_js_58动漫","name":"动漫 | 58动漫[js]","type":3,"api":"./lib/drpy2.min.js","ext":"./js/58动漫.js"},
{"key":"drpy_js_AGE动漫","name":"动漫 | AGE动漫[js]","type":3,"api":"./lib/drpy2.min.js","ext":"./js/AGE动漫.js"},
{"key":"drpy_js_AnFuns","name":"动漫 | AnFuns[js]","type":3,"api":"./lib/drpy2.min.js","ext":"./js/AnFuns.js"},
{"key":"drpy_js_Anime1动畫","name":"动漫 | Anime1动畫[js]","type":3,"api":"./lib/drpy2.min.js","ext":"./js/Anime1动畫.js"},
{"key":"drpy_js_NT动漫","name":"动漫 | NT动漫[js]","type":3,"api":"./lib/drpy2.min.js","ext":"./js/NT动漫.js"},
{"key":"drpy_js_NyaFun","name":"动漫 | NyaFun[js]","type":3,"api":"./lib/drpy2.min.js","ext":"./js/NyaFun.js"},
{"key":"drpy_js_爱弹幕","name":"动漫 | 爱弹幕[js]","type":3,"api":"./lib/drpy2.min.js","ext":"./js/爱弹幕.js"},
{"key":"drpy_js_动漫岛","name":"动漫 | 动漫岛[js]","type":3,"api":"./lib/drpy2.min.js","ext":"./js/动漫岛.js"},
{"key":"drpy_js_路漫漫","name":"动漫 | 路漫漫[js]","type":3,"api":"./lib/drpy2.min.js","ext":"./js/路漫漫.js"},
{"key":"drpy_js_喵次元","name":"影视 | 喵次元[js]","type":3,"api":"./lib/drpy2.min.js","ext":"./js/喵次元.js"},
{"key":"drpy_js_奇米动漫","name":"动漫 | 奇米动漫[js]","type":3,"api":"./lib/drpy2.min.js","ext":"./js/奇米动漫.js"},
{"key":"drpy_js_去看吧","name":"动漫 | 去看吧[js]","type":3,"api":"./lib/drpy2.min.js","ext":"./js/去看吧.js"},
{"key":"drpy_js_曲奇动漫","name":"动漫 | 曲奇动漫[js]","type":3,"api":"./lib/drpy2.min.js","ext":"./js/曲奇动漫.js"},
{"key":"drpy_js_异世界动漫漫","name":"动漫 | 异世界动漫[js]","type":3,"api":"./lib/drpy2.min.js","ext":"./js/异世界动漫.js"},
{"key":"drpy_js_怡萱动漫","name":"动漫 | 怡萱动漫[js]","type":3,"api":"./lib/drpy2.min.js","ext":"./js/怡萱动漫.js"},

{"key":"drpy_js_A8音乐","name":"音频 | A8音乐[js]","type":3,"api":"./lib/drpy2.min.js","ext":"./js/A8音乐.js"},
{"key":"drpy_js_DJ音乐","name":"音频 | DJ音乐[js]","type":3,"api":"./lib/drpy2.min.js","changeable":0,"style":{"type":"rect","ratio":1},"ext":"./js/DJ音乐.js"},
{"key":"drpy_js_啦啦DJ","name":"音频 | 啦啦DJ[js]","type":3,"api":"./lib/drpy2.min.js","changeable":0,"style":{"type":"rect","ratio":1},"ext":"./js/啦啦DJ.js"},
{"key":"drpy_js_清风DJ","name":"音频 | 清风DJ[js]","type":3,"api":"./lib/drpy2.min.js","changeable":0,"style":{"type":"rect","ratio":1},"ext":"./js/清风DJ.js"},
{"key":"drpy_js_广播迷FM","name":"广播 | 广播迷FM[js]","type":3,"api":"./lib/drpy2.min.js","changeable":0,"ext":"./js/广播迷FM.js"},
{"key":"drpy_js_蜻蜓FM","name":"广播 | 蜻蜓FM[js]","type":3,"api":"./lib/drpy2.min.js","changeable":0,"ext":"./js/蜻蜓FM.js"},
{"key":"drpy_js_i275听书","name":"听书 | i275听书[js]","type":3,"api":"./lib/drpy2.min.js","changeable":0,"style":{"type":"rect","ratio":1},"ext":"./js/i275听书.js"},
{"key":"drpy_js_爱上你听书网","name":"听书 | 爱上你听书[js]","type":3,"api":"./lib/drpy2.min.js","changeable":0,"style":{"type":"rect","ratio":1},"ext":"./js/爱上你听书网.js"},
{"key":"drpy_js_博看听书","name":"听书 | 博看听书[js]","type":3,"api":"./lib/drpy2.min.js","changeable":0,"style":{"type":"rect","ratio":1},"ext":"./js/博看听书.js"},
{"key":"drpy_js_海洋听书","name":"听书 | 海洋听书[js]","type":3,"api":"./lib/drpy2.min.js","changeable":0,"style":{"type":"rect","ratio":1},"ext":"./js/海洋听书.js"},
{"key":"drpy_js_六月听书","name":"听书 | 六月听书[js]","type":3,"api":"./lib/drpy2.min.js","changeable":0,"style":{"type":"rect","ratio":1},"ext":"./js/六月听书.js"},
{"key":"drpy_js_有声小说","name":"听书 | 有声小说[js]","type":3,"api":"./lib/drpy2.min.js","changeable":0,"style":{"type":"rect","ratio":1},"ext":"./js/有声小说吧.js"},
{"key":"drpy_js_播客","name":"聚合 | 播客[js]","type":3,"api":"./lib/drpy2.min.js","ext":"./js/播客.js"},
{"key":"drpy_js_短视频","name":"聚合 | 短视频[js]","type":3,"api":"./lib/drpy2.min.js","changeable":0,"ext":"./js/短视频.js"},
{"key":"drpy_js_酷6网","name":"聚合 | 酷6网[js]","type":3,"api":"./lib/drpy2.min.js","changeable":0,"ext":"./js/酷6网.js"},
{"key":"drpy_js_网易公版影像","name":"聚合 | 网易公版[js]","type":3,"api":"./lib/drpy2.min.js","changeable":0,"style":{"type":"rect","ratio":1.597},"ext":"./js/网易公版影像.js"},
{"key":"drpy_js_爱车MV","name":"MV | 爱车MV[js]","type":3,"api":"./lib/drpy2.min.js","changeable":0,"style":{"type":"rect","ratio":1},"ext":"./js/爱车MV.js"},
{"key":"drpy_js_酷奇MV","name":"MV | 酷奇[js]","type":3,"api":"./lib/drpy2.min.js","changeable":0,"style":{"type":"rect","ratio":1},"ext":"./js/酷奇MV.js"},

{"key":"drpy_js_爱看机器人","name":"影视 | 爱看机器人[js]","type":3,"api":"./lib/drpy2.min.js","searchable":1,"quickSearch":1,"changeable":1,"ext":"./js/爱看机器人.js"},
{"key":"drpy_js_ikanbot2","name":"影视 | 爱看机器人2[js]","type":3,"api":"./lib/drpy2.min.js","searchable":1,"quickSearch":1,"changeable":1,"ext":"./js/ikanbot2.js"},
{"key":"drpy_js_ikanbot3","name":"影视 | 爱看机器人3[js]","type":3,"api":"./lib/drpy2.min.js","searchable":1,"quickSearch":1,"changeable":1,"ext":"./js/ikanbot3.js"},
{"key":"drpy_js_jsapi2","name":"影视 | 百度测试[js]","type":3,"api":"./lib/drpy2.min.js","ext":"./js/jsapi2.js"},
{"key":"drpy_js_139影视","name":"影视 | 139影视[js]","type":3,"api":"./lib/drpy2.min.js","ext":"./js/139影视.js"},
{"key":"drpy_js_348电影网","name":"影视 | 348电影网[js]","type":3,"api":"./lib/drpy2.min.js","ext":"./js/348电影网.js"},
{"key":"drpy_js_4K电影网","name":"影视 | 4K电影网[js]","type":3,"api":"./lib/drpy2.min.js","ext":"./js/4K电影网.js"},
{"key":"drpy_js_8号影院","name":"影视 | 8号影院[js]","type":3,"api":"./lib/drpy2.min.js","ext":"./js/8号影院.js"},
{"key":"drpy_js_JangoIndex","name":"影视 | JangoIndex[js]","type":3,"api":"./lib/drpy2.min.js","ext":"./js/JangoIndex.js"},
{"key":"drpy_js_NY影院","name":"影视 | NY影院[js]","type":3,"api":"./lib/drpy2.min.js","ext":"./js/NY影院.js"},
{"key":"drpy_js_被窝电影","name":"影视 | 被窝电影[js]","type":3,"api":"./lib/drpy2.min.js","ext":"./js/被窝电影.js"},
{"key":"drpy_js_厂长资源","name":"影视 | 厂长资源[js]","type":3,"api":"./lib/drpy2.min.js","ext":"./js/厂长资源.js"},
{"key":"drpy_js_楚门影院","name":"影视 | 楚门影院[js]","type":3,"api":"./lib/drpy2.min.js","ext":"./js/楚门影院.js"},
{"key":"drpy_js_大米星球","name":"影视 | 大米星球[js]","type":3,"api":"./lib/drpy2.min.js","ext":"./js/大米星球.js"},
{"key":"drpy_js_飞兔影视","name":"影视 | 飞兔影视[js]","type":3,"api":"./lib/drpy2.min.js","ext":"./js/飞兔影视.js"},
{"key":"drpy_js_海兔影院","name":"影视 | 海兔影院[js]","type":3,"api":"./lib/drpy2.min.js","ext":"./js/海兔影院.js"},
{"key":"drpy_js_花猫TV","name":"影视 | 花猫TV[js]","type":3,"api":"./lib/drpy2.min.js","ext":"./js/花猫TV.js"},
{"key":"drpy_js_花屋影院","name":"影视 | 花屋影院[js]","type":3,"api":"./lib/drpy2.min.js","ext":"./js/花屋影院.js"},
{"key":"drpy_js_开眼视频","name":"影视 | 开眼视频[js]","type":3,"api":"./lib/drpy2.min.js","ext":"./js/开眼视频.js"},
{"key":"drpy_js_看了么","name":"影视 | 看了么[js]","type":3,"api":"./lib/drpy2.min.js","ext":"./js/看了么.js"},
{"key":"drpy_js_徕米TV","name":"影视 | 徕米TV[js]","type":3,"api":"./lib/drpy2.min.js","ext":"./js/徕米TV.js"},
{"key":"drpy_js_乐鱼影视","name":"影视 | 乐鱼影视[js]","type":3,"api":"./lib/drpy2.min.js","ext":"./js/乐鱼影视.js"},
{"key":"drpy_js_美剧网","name":"影视 | 美剧网[js]","type":3,"api":"./lib/drpy2.min.js","ext":"./js/美剧网.js"},
{"key":"drpy_js_美视网","name":"影视 | 美视网[js]","type":3,"api":"./lib/drpy2.min.js","ext":"./js/美视网.js"},
{"key":"drpy_js_米爱影视","name":"影视 | 米爱影视[js]","type":3,"api":"./lib/drpy2.min.js","ext":"./js/米爱影视.js"},
{"key":"drpy_js_免费看","name":"影视 | 免费看[js]","type":3,"api":"./lib/drpy2.min.js","ext":"./js/免费看.js"},
{"key":"drpy_js_奈飞中文","name":"影视 | 奈飞中文[js]","type":3,"api":"./lib/drpy2.min.js","ext":"./js/奈飞中文.js"},
{"key":"drpy_js_欧帝影院","name":"影视 | 欧帝影院[js]","type":3,"api":"./lib/drpy2.min.js","ext":"./js/欧帝影院.js"},
{"key":"drpy_js_皮皮鸭","name":"影视 | 皮皮鸭[js]","type":3,"api":"./lib/drpy2.min.js","ext":"./js/皮皮鸭.js"},
{"key":"drpy_js_朴樱影视","name":"影视 | 朴樱影视[js]","type":3,"api":"./lib/drpy2.min.js","ext":"./js/朴樱影视.js"},
{"key":"drpy_js_秋霞影院","name":"影视 | 秋霞影院[js]","type":3,"api":"./lib/drpy2.min.js","ext":"./js/秋霞.js"},
{"key":"drpy_js_热播之家","name":"影视 | 热播之家[js]","type":3,"api":"./lib/drpy2.min.js","ext":"./js/热播之家.js"},
{"key":"drpy_js_人人影视","name":"影视 | 人人影视[js]","type":3,"api":"./lib/drpy2.min.js","ext":"./js/人人影视.js"},
{"key":"drpy_js_骚火电影","name":"影视 | 骚火电影[js]","type":3,"api":"./lib/drpy2.min.js","ext":"./js/骚火电影.js"},
{"key":"drpy_js_时光影视","name":"影视 | 时光影视[js]","type":3,"api":"./lib/drpy2.min.js","ext":"./js/时光影视.js"},
{"key":"drpy_js_思古影视","name":"影视 | 思古影视","type":3,"api":"./lib/drpy2.min.js","ext":"./js/思古影视.js"},
{"key":"drpy_js_私人影院","name":"影视 | 私人影院[js]","type":3,"api":"./lib/drpy2.min.js","ext":"./js/私人影院.js"},
{"key":"drpy_js_素白白","name":"影视 | 素白白[js]","type":3,"api":"./lib/drpy2.min.js","ext":"./js/素白白.js"},
{"key":"drpy_js_网飞.TV","name":"影视 | 网飞.TV[js]","type":3,"api":"./lib/drpy2.min.js","ext":"./js/网飞.TV.js"},
{"key":"drpy_js_西瓜影院","name":"影视 | 西瓜影院[js]","type":3,"api":"./lib/drpy2.min.js","ext":"./js/西瓜影院.js"},
{"key":"drpy_js_蜥蜴影视","name":"影视 | 蜥蜴影视[js]","type":3,"api":"./lib/drpy2.min.js","ext":"./js/蜥蜴影视.js"},
{"key":"drpy_js_小狗影院","name":"影视 | 小狗影院[js]","type":3,"api":"./lib/drpy2.min.js","ext":"./js/小狗影院.js"},
{"key":"drpy_js_新视觉影视","name":"影视 | 新视觉影视[js]","type":3,"api":"./lib/drpy2.min.js","ext":"./js/新视觉影视.js"},
{"key":"drpy_js_星辰影院","name":"影视 | 星辰影院[js]","type":3,"api":"./lib/drpy2.min.js","ext":"./js/星辰.js"},
{"key":"drpy_js_玄天","name":"影视 | 玄天[js]","type":3,"api":"./lib/drpy2.min.js","ext":"./js/玄天.js"},
{"key":"drpy_js_映迷影院","name":"影视 | 映迷影院[js]","type":3,"api":"./lib/drpy2.min.js","ext":"./js/映迷影院.js"},
{"key":"drpy_js_中国人","name":"影视 | 中国人[js]","type":3,"api":"./lib/drpy2.min.js","ext":"./js/中国人.js"},
{"key":"drpy_js_追剧迷","name":"影视 | 追剧迷[js]","type":3,"api":"./lib/drpy2.min.js","ext":"./js/追剧迷.js"},
{"key":"drpy_js_子子影视","name":"影视 | 子子影视[js]","type":3,"api":"./lib/drpy2.min.js","ext":"./js/子子影视.js"},

{"key":"drpy_js_大师兄影视","name":"起飞 | 大师兄影视[js]","type":3,"api":"./lib/drpy2.min.js","ext":"./js/大师兄影视.js"},
{"key":"drpy_js_华乐影院","name":"起飞 | 华乐影院[js]","type":3,"api":"./lib/drpy2.min.js","ext":"./js/华乐影院[飞].js"},
{"key":"drpy_js_天天视频","name":"起飞 | 天天视频[js]","type":3,"api":"./lib/drpy2.min.js","ext":"./js/天天视频[飞].js"},
{"key":"drpy_js_起飞影院","name":"起飞 | 起飞影院[js]","type":3,"api":"./lib/drpy2.min.js","ext":"./js/起飞影院.js"},
{"key":"drpy_js_兰花影院","name":"起飞 | 兰花影院[js]","type":3,"api":"./lib/drpy2.min.js","ext":"./js/兰花影院.js"},
{"key":"drpy_js_胖虎","name":"起飞 | 胖虎[js]","type":3,"api":"./lib/drpy2.min.js","ext":"./js/胖虎.js"},
{"key":"drpy_js_555影视[飞]","name":"起飞 | 555影视[js]","type":3,"api":"./lib/drpy2.min.js","ext":"./js/555影视[飞].js"},
{"key":"drpy_js_if101[飞]","name":"起飞 | if101[js]","type":3,"api":"./lib/drpy2.min.js","ext":"./js/if101[飞].js"},
{"key":"drpy_js_KUBO影视[飞]","name":"起飞 | KUBO影视[js]","type":3,"api":"./lib/drpy2.min.js","ext":"./js/KUBO影视[飞].js"},
{"key":"drpy_js_爱壹帆[飞]","name":"起飞 | 爱壹帆[js]","type":3,"api":"./lib/drpy2.min.js","ext":"./js/爱壹帆[飞].js"},
{"key":"drpy_js_独播库[飞]","name":"起飞 | 独播库[js]","type":3,"api":"./lib/drpy2.min.js","ext":"./js/独播库[飞].js"},
{"key":"drpy_js_欧乐影院[飞]","name":"起飞 | 欧乐影院[js]","type":3,"api":"./lib/drpy2.min.js","ext":"./js/欧乐影院[飞].js"},
{"key":"drpy_js_小宝影院[飞]","name":"起飞 | 小宝影院[js]","type":3,"api":"./lib/drpy2.min.js","ext":"./js/小宝影院[飞].js"},

{"key":"應用商店","name":"應用商店","type":3,"api":"csp_Market","searchable":0,"changeable":0,"ext": "./json/market.json"},
{"key":"bb","name":"配置接口完全免费","type":3,"api":"./lib/drpy2.min.js","ext":"./js/drpy.js"},
{"key":"cc","name":"请勿相信视频中任何广告","type":3,"api":"./lib/drpy2.min.js","ext":"./js/drpy.js"}
],
"parses":[
{"name":"Json聚合","type":3,"url":"Demo"},
{"name": "飞云","type": 1,"url": "https://daina.hk/api/?key=e1e84ecae847b6e4a1a27fd4611f45f5&url=","ext": {"flag": ["FYNB","mgtv","qiyi","imgo","爱奇艺","奇艺","qq","腾讯","youku","优酷","pptv","PPTV","letv","乐视","leshi","bilibili","哔哩哔哩","哔哩","mgtv","芒果"],"header": {"User-Agent": "okhttp/4.1.0"}}},
{"name": "米饭","type": 1,"url": "https://api.json.icu/api/?key=b1f3b1a9e1c0a42ae969db10bd315a95&url=","ext": {"flag": ["爱奇艺","奇艺","qq","腾讯","youku","优酷","pptv","PPTV","letv","乐视","leshi","bilibili","哔哩哔哩","哔哩","mgtv","芒果","芒果"],"header": {"User-Agent": "okhttp/4.1.0"}}},
{"name":"饭饭","type":1,"url":"http://api.888484.xyz/神秘哥哥/super.php?v=","ext":{"flag":["qq","腾讯","qiyi","爱奇艺","奇艺","youku","优酷","tucheng","sohu","搜狐","letv","乐视","mgtv","芒果","tnmb","seven","yzm","aliyun","RJuMao","bilibili","1905","xinvip","XAL","qiqi","XALS","YuMi-vip"]}},
{"name":"虾米","type":0,"url":"https://jx.xmflv.com/?url=","ext":{"flag":["qq","腾讯","qiyi","爱奇艺","奇艺","youku","优酷","sohu","搜狐","letv","乐视","mgtv","芒果","imgo","rx","ltnb","bilibili","1905","xigua"]}},
{"name":"PM","url":"https://www.playm3u8.cn/jiexi.php?url=","type":0,"ext":{"flag":["qiyi","imgo","爱奇艺","奇艺","qq","腾讯","youku","优酷","pptv","PPTV","letv","乐视","leshi","bilibili","哔哩哔哩","哔哩","mgtv","芒果","sohu","xigua","fun","风行"],"header":{"User-Agent":"Mozilla/5.0"}},"header":{"User-Agent":"Mozilla/5.0"}},
{"name":"全民","url":"http://api.wpsseo.cn/?v=","type":0,"ext":{"flag":["qiyi","imgo","爱奇艺","奇艺","qq","腾讯","youku","优酷","pptv","PPTV","letv","乐视","leshi","bilibili","哔哩哔哩","哔哩","mgtv","芒果","sohu","xigua","fun","风行"],"header":{"User-Agent":"Mozilla/5.0"}},"header":{"User-Agent":"Mozilla/5.0"}},
{"name":"m3u8","type":0,"url":"https://jx.m3u8.tv/jiexi/?url="},
{"name":"8090","url":"https://www.8090.la/8090/?url=","type":0,"ext":{"flag":["qiyi","imgo","爱奇艺","奇艺","qq","腾讯","youku","优酷","pptv","PPTV","letv","乐视","leshi","bilibili","哔哩哔哩","哔哩","mgtv","芒果","sohu","xigua","fun","风行"],"header":{"User-Agent":"Mozilla/5.0"}},"header":{"User-Agent":"Mozilla/5.0"}},
{"name":"看看","type":0,"url":"https://jx.m3u8.pw/?url="},
{"name":"巧技","type":1,"url":"http://pandown.pro/app/kkdy.php?url=","ext":{"flag":["qq","腾讯","qiyi","爱奇艺","奇艺","youku","优酷","sohu","搜狐","letv","乐视","mgtv","芒果","rx","ltnb","bilibili","1905","xigua"]}},
{"name":"左岸","type":1,"url":"https://api.tyun77.cn/api.php/provide/parseDicturl?url=","ext":{"flag":["爱奇艺","奇艺","qq","腾讯","youku","优酷","pptv","PPTV","letv","乐视","leshi","bilibili","哔哩哔哩","哔哩","mgtv","芒果","芒果"],"header":{"User-Agent":"okhttp/3.12.0"}}},
{"name":"世界","type":1,"url":"http://175.178.183.192:84/api/?key=f3913eb3f85a8298b3e6e427b8712b2e&url=","ext":{"flag":["qq","mgtv","YuMi-vip"]}},
{"name":"咸鱼","type":0,"url":"https://jx.xyflv.cc/?url=","ext":{"header":{"user-agent":"Mozilla/5.0(Linux;Android13;V2049ABuild/TP1A.220624.014;wv)AppleWebKit/537.36(KHTML,likeGecko)Version/4.0Chrome/116.0.0.0MobileSafari/537.36","referer":"https://www.xyflv.cc/"}}},
{"name":"云解析","type":0,"url":"https://jx.yparse.com/index.php?url=","ext":{"header":{"user-agent":"Mozilla/5.0(Linux;Android13;V2049ABuild/TP1A.220624.014;wv)AppleWebKit/537.36(KHTML,likeGecko)Version/4.0Chrome/116.0.0.0MobileSafari/537.36"}}},
{"name":"爱豆","type":0,"url":"https://jx.aidouer.net/?url=","ext":{"header":{"user-agent":"Mozilla/5.0(Linux;Android13;V2049ABuild/TP1A.220624.014;wv)AppleWebKit/537.36(KHTML,likeGecko)Version/4.0Chrome/116.0.0.0MobileSafari/537.36","referer":"https://jiejie.uk/"}}}
],
"flags":["youku","优酷","优 酷","优酷视频", "qq","腾讯","腾 讯","腾讯视频", "iqiyi", "qiyi","奇艺","爱奇艺","爱 奇 艺", "m1905", "xigua", "letv","leshi","乐视","乐 视", "sohu","搜狐","搜 狐","搜狐视频", "tudou","mgtv","芒果","imgo","芒果TV","芒 果 T V", "bilibili","哔 哩","哔 哩 哔 哩","SPA","YuMi-vip","pptv","PPTV","ltnb","rx","SLYS4k","tucheng","BYGA","luanzi","dxzy","QEYSS","aliyun","AliS","122","chuangying","CL4K","xfyun","wuduzy","wasu","renrenmi","ppayun","haiwaikan","cool","dbm3u8","xmm","funshion","ruyi1080","ruyib1080"],
"doh":[
{"name":"Google","url":"https://dns.google/dns-query","ips":["8.8.4.4","8.8.8.8"]},
{"name":"Cloudflare","url":"https://cloudflare-dns.com/dns-query","ips":["1.1.1.1","1.0.0.1","2606:4700:4700::1111","2606:4700:4700::1001"]},
{"name":"AdGuard","url":"https://dns.adguard.com/dns-query","ips":["94.140.14.140","94.140.14.141"]},
{"name":"DNSWatch","url":"https://resolver2.dns.watch/dns-query","ips":["84.200.69.80","84.200.70.40"]},
{"name":"Quad9","url":"https://dns.quad9.net/dns-quer","ips":["9.9.9.9","149.112.112.112"]}
],
"rules":[
{"name":"proxy","hosts":["mypikpak.com",".*workers.dev","www.cilixiong.com","*.t4tv.hz.cz","kuba222.com","mp4us.com","dydhhy.com","magicalsearch.top","api123.adys.app","raw.githubusercontent.com","googlevideo.com","cdn.v82u1l.com","cdn.iz8qkg.com","cdn.kin6c1.com","c.biggggg.com","c.olddddd.com","haiwaikan.com","www.histar.tv","youtube.com","uhibo.com",".*boku.*",".*nivod.*",".*ulivetv.*"]},
{"name":"磁力廣告","hosts":["magnet"],"regex":["更多","社區","xuu","最新","最新","直播","更新","社区","有趣","有趣","英皇体育","全中文AV在线","澳门皇冠赌场","哥哥快来","美女荷官","裸聊","新片首发","UUE29"]},
{"name":"海外看","hosts":["haiwaikan"],"regex":["8.16","8.1748","10.0099","10.3333","10.85","12.33","16.0599"]},
{"name":"索尼","hosts":["suonizy"],"regex":["15.1666","15.2666"]},
{"name":"暴風","hosts":["bfzy"],"regex":["#EXT-X-DISCONTINUITY\\r*\\n*#EXTINF:3,[\\s\\S]*?#EXT-X-DISCONTINUITY"]},
{"name":"星星","hosts":["aws.ulivetv.net"],"regex":["#EXT-X-DISCONTINUITY\\r*\\n*#EXTINF:8,[\\s\\S]*?#EXT-X-DISCONTINUITY"]},
{"name":"量子","hosts":["vip.lz","hd.lz","v.cdnlz"],"regex":["18.5333"]},
{"name":"非凡","hosts":["vip.ffzy","hd.ffzy"],"regex":["25.1"]},
{"name":"火山嗅探","hosts":["huoshan.com"],"regex":["item_id="]},
{"name":"抖音嗅探","hosts":["douyin.com"],"regex":["is_play_url="]},
{"name":"農民嗅探","hosts":["toutiaovod.com"],"regex":["video/tos/cn"]},
{"name":"七新嗅探","hosts":["api.52wyb.com"],"regex":["m3u8?pt=m3u8"]},
{"name":"夜市點擊","hosts":["yeslivetv.com"],"script":["document.getElementsByClassName('vjs-big-play-button')[0].click()"]},
{"name":"毛驢點擊","hosts":["www.maolvys.com"],"script":["document.getElementsByClassName('swal-buttonswal-button--confirm')[0].click()"]}
],
"ads":["static-mozai.4gtv.tv","s3t3d2y8.afcdn.net"]
}
