﻿{
"video": {"sites": [
{"key":"wogg_open","name":"影视 | 玩偶1","type":3,"api":"wogg_open.js","ext":"填自己的32位token"},
{"key":"wogg","name":"影视 | 玩偶2","type":3,"api":"wogg.js","ext":"填自己的32位token"},
{"key":"ytvip","name":"影视 | 影探","type":3,"api":"yt.js","ext":"http://ytcms.lyyytv.cn/api.php/app/"},
{"key":"yqktv_open","name":"影视 | 一起看","type":3,"api":"yqktv_open.js"},
{"key":"555dy_open","name":"影视 | 555","type":3,"api":"555dy_open.js"},
{"key":"yrzj_open","name":"影视 | 伊人","type":3,"api":"yrzj_open.js"},
{"key":"yzys_open","name":"影视 | 柚子","type":3,"api":"yzys_open.js"},
{"key":"sssp_open","name":"影视 | 速搜","type":3,"api":"sssp_open.js"},
{"key":"bulei_open","name":"影视 | 布雷","type":3,"api":"bulei_open.js"},
{"key":"miku_open","name":"影视 | 咪咕","type":3,"api":"miku_open.js"},
{"key":"tutu_open","name":"影视 | 图图","type":3,"api":"tutu_open.js"},
{"key":"jojo_open","name":"影视 | jojo","type":3,"api":"jojo_open.js"},
{"key":"jiohub","name":"影视 | jiohub","type":3,"api":"jiohub.js"},
{"key":"kunyu77","name":"影视 | 七七1","type":3,"api":"kunyu77_open.js"},
{"key":"kunyu77_yz","name":"影视 | 七七2","type":3,"api":"kunyu77.js"},
{"key":"czzy","name":"影视 | 厂长","type":3,"api":"czzy_open.js"},
{"key":"libvio","name":"影视 | libvio","type":3,"api":"libvio_open.js"},
{"key":"kkys","name":"影视 | 快看","type":3,"api":"kkys_open.js"},
{"key":"ikanbot","name":"影视 | 爱看1","type":3,"api":"ikanbot.js"},
{"key":"ikanbot_open","name":"影视 | 爱看2","type":3,"api":"ikanbot_open.js"},
{"key":"ngys","name":"影视 | 南瓜","type":3,"api":"ng_open.js"},
{"key":"nivod","name":"影视 | 泥巴","type":3,"api":"nivod_op.js"},
{"key":"duboku","name":"影视 | 独播库1","type":3,"api":"duboku_open.js"},
{"key":"duboku2_open","name":"影视 | 独播库2","type":3,"api":"duboku2_open.js"},
{"key":"subaibai","name":"影视 | 素白白","type":3,"api":"subaibai_open.js"},
{"key":"drpy_js_zxzj_open","name":"影视 | 在线之家","type":3,"api":"zxzj_open.js"},
{"key":"drpy_js_boosj_open","name":"少儿 | 童趣","type":3,"api":"boosj_open.js"},
{"key":"drpy_js_tuxiaobei_open","name":"少儿 | 兔小贝","type":3,"api":"tuxiaobei_open.js"},
{"key":"drpy_js_ubestkid_open","name":"少儿 | 贝乐虎","type":3,"api":"ubestkid_open.js"},
{"key":"sharenice","name":"聚合 | 短视频","type":3,"api":"sharenice_open.js"},
{"key":"mybili","name":"视频 | 哔哩1","type":3,"api":"mybili_open.js"},
{"key":"bili_open","name":"视频 | 哔哩2","type":3,"api":"bili_open.js","ext":{"categories":"沙雕动画#健身#音乐#舞蹈#风景#美食#科普#历史#法考#医考","cookie":"填自己的cookie"}},
{"key":"kuqimv","name":"MV | 酷奇","type":3,"api":"kuqimv_open.js"},
{"key":"drpy_js_cntv_open","name":"电视 | 视聚场","type":3,"api":"cntv_open.js"},
{"key":"哈喽","name":"影视 | 哈喽","type":3,"api":"appysv2.js","ext":"http://www.miniku.cc/xgapp.php/v1/"},
{"key":"1080dyw","name":"影视 | 视界","type":3,"api":"appysv2.js","ext":"https://www.1080dyw.cc/api.php/v1.vod"},
{"key":"miniku","name":"影视 | 迷你","type":3,"api":"appysv2.js","ext":"http://www.miniku.cc/xgapp.php/v1/"},
{"key":"aidi","name":"影视 | 爱迪","type":3,"api":"appysv2.js","ext":"https://api123.adys.app/xgapp.php/v3/"},
{"key":"yaya","name":"影视 | 鸭鸭","type":3,"api":"appysv2.js","ext":"https://yayayaaapp.ynf.icu/api.php/app/"},
{"key":"kuku","name":"影视 | 酷酷","type":3,"api":"appysv2.js","ext":"http://cms.realdou.cn:35264/api.php/app/"},
{"key":"beijihu","name":"影视 | 极狐","type":3,"api":"appysv2.js","ext":"https://www.kuin.one/api.php/app/"},
{"key":"kuk","name":"影视 | 天堂","type":3,"api":"appysv2.js","ext":"http://dytt996.com/api.php/app/"},
{"key":"kku","name":"影视 | 酷影","type":3,"api":"appysv2.js","ext":"https://www.gsjtlxy.top/xgapp.php/v3/"},
{"key":"kuu","name":"影视 | 酷客","type":3,"api":"appysv2.js","ext":"https://www.kuin.one/api.php/app/"},
{"key":"ruidou","name":"影视 | 锐豆","type":3,"api":"appysv2.js","ext":"http://ys.realdou.cn:2683/api.php/app/"},
{"key":"mayi","name":"影视 | 蚂蚁","type":3,"api":"appysv2.js","ext":"http://wushutvcms.byzz.top/api.php/app/"},
{"key":"sukan","name":"影视 | 速看","type":3,"api":"appysv2.js","ext":"https://sk100.tv/api.php/app/"},
{"key":"midi","name":"影视 | 明帝","type":3,"api":"appysv2.js","ext":"https://ys.md214.cn/api.php/app/"},
{"key":"dadou","name":"影视 | 大豆","type":3,"api":"appysv2.js","ext":"http://www.dadou.cm/api.php/app/"},
{"key":"qtw","name":"影视 | 彩虹","type":3,"api":"appysv2.js","ext":"http://ys.qtw.asia/lvdou_api.php/v1.vod"},
{"key":"xinlang","name":"影视 | 新浪","type":3,"api":"caiji.js","ext":"https://api.xinlangapi.com/xinlangapi.php/provide/vod/from/xlm3u8"},
{"key":"bdzy","name":"影视 | 百度","type":3,"api":"caiji.js","ext":"https://api.apibdzy.com/api.php/provide/vod/from/dbm3u8/"},
{"key":"bfzy","name":"影视 | 暴风","type":3,"api":"caiji.js","ext":"https://bfzyapi.com/api.php/provide/vod/"},
{"key":"394tv","name":"影视 | 39","type":3,"api":"caiji.js","ext":"https://www.394tv.com/api.php/provide/vod/"},
{"key":"languang","name":"影视 | 蓝光","type":3,"api":"caiji.js","ext":"http://www.zzrhgg.com/api.php/provide/vod/"},
{"key":"lehuo","name":"影视 | 乐活","type":3,"api":"caiji.js","ext":"https://cj.vodimg.top/api.php/provide/vod/"},
{"key":"piaoling","name":"影视 | 飘零","type":3,"api":"caiji.js","ext":"https://p2100.net/api.php/provide/vod/"},
{"key":"yingtu","name":"影视 | 影图","type":3,"api":"caiji.js","ext":"https://cj.vodimg.top/api.php/provide/vod/"},
{"key":"feifan","name":"影视 | 非凡","type":3,"api":"caiji.js","ext":"https://cj.ffzyapi.com/api.php/provide/vod/from/ffm3u8/"},
{"key":"feisu","name":"影视 | 飞速","type":3,"api":"caiji.js","ext":"https://www.feisuzyapi.com/api.php/provide/vod/from/fsm3u8/"},
{"key":"guangsu","name":"影视 | 光速","type":3,"api":"caiji.js","ext":"https://api.guangsuapi.com/api.php/provide/vod/from/gsm3u8/"},
{"key":"hongniu","name":"影视 | 红牛","type":3,"api":"caiji.js","ext":"https://www.hongniuzy2.com/api.php/provide/vod/from/hnm3u8/"},
{"key":"jinying","name":"影视 | 金鹰","type":3,"api":"caiji.js","ext":"https://jinyingzy.com/provide/vod/from/jinyingm3u8/"},
{"key":"jisu","name":"影视 | 极速","type":3,"api":"caiji.js","ext":"https://jszyapi.com/api.php/provide/vod/from/jsm3u8/"},
{"key":"kuaiche","name":"影视 | 快车","type":3,"api":"caiji.js","ext":"https://caiji.kczyapi.com/api.php/provide/vod/from/kcm3u8/"},
{"key":"liangzi","name":"影视 | 量子","type":3,"api":"caiji.js","ext":"https://cj.lziapi.com/api.php/provide/vod/from/lzm3u8/"},
{"key":"qihu","name":"影视 | 奇虎","type":3,"api":"caiji.js","ext":"https://caiji.qhzyapi.com/api.php/provide/vod/from/qhm3u8/"},
{"key":"guangsuapi","name":"影视 | 光速","type":3,"api":"caiji.js","ext":"http://api.guangsuapi.com/api.php/provide/vod/from/gsm3u8/"},
{"key":"nivod18","name":"成人 | 泥巴","type":3,"api":"nivod_op.js","ext":"做爱"},
{"key":"mtsp_open","name":"成人 | 蜜桃","type":3,"api":"mtsp_open.js"},
{"key":"18av_open","name":"成人 | 18av","type":3,"api":"18av_open.js"},
{"key":"18a_open","name":"成人 | 18a","type":3,"api":"18a_open.js"},
{"key":"apilj","name":"成人 | 十八","type":3,"api":"caiji.js","ext":"https://apilj.com/api.php/provide/vod/at/json/"},
{"key":"kulunli","name":"成人 | 酷伦理","type":3,"api":"caiji.js","ext":"https://api.kudian70.com/api.php/provide/vod/"},
{"key":"apilj.com","name":"成人 | 成人03","type":3,"api":"caiji.js","ext":"http://apilj.com/api.php/provide/vod/at/json/"},
{"key":"91md.me","name":"成人 | 成人05","type":3,"api":"caiji.js","ext":"http://91md.me/api.php/provide/vod/"},
{"key":"api.sexnguon.com","name":"成人 | 成人08","type":3,"api":"caiji.js","ext":"http://api.sexnguon.com/api.php/provide/vod/"},
{"key":"feifei67.com","name":"成人 | 成人09","type":3,"api":"caiji.js","ext":"http://www.feifei67.com/api.php/provide/vod/"},
{"key":"fhapi9.com","name":"成人 | 成人12","type":3,"api":"caiji.js","ext":"http://fhapi9.com/api.php/provide/vod/"},
{"key":"madouse.la","name":"成人 | 成人27","type":3,"api":"caiji.js","ext":"http://madouse.la/api.php/provide/vod/"},
{"key":"api.maozyapi.com","name":"成人 | 成人33","type":3,"api":"caiji.js","ext":"https://api.maozyapi.com/inc/apijson_vod.php"},
{"key":"888dav.com","name":"成人 | 成人35","type":3,"api":"caiji.js","ext":"https://www.888dav.com/api.php/provide/vod/"},
{"key":"mgzyz1.com","name":"成人 | 成人36","type":3,"api":"caiji.js","ext":"https://mgzyz1.com/api.php/provide/vod/"},
{"key":"caiji.huakuiapi.com","name":"成人 | 成人37","type":3,"api":"caiji.js","ext":"https://caiji.huakuiapi.com/inc/apijson_vod.php"},
{"key":"lbapi9.com","name":"成人 | 成人43","type":3,"api":"caiji.js","ext":"https://lbapi9.com/api.php/provide/vod/"},
{"key":"apittzy.com","name":"成人 | 成人44","type":3,"api":"caiji.js","ext":"https://apittzy.com/api.php/provide/vod/"},
{"key":"kkzy.me","name":"成人 | 成人45","type":3,"api":"caiji.js","ext":"https://kkzy.me/api.php/provide/vod/"},
{"key":"sewozyapi.com","name":"成人 | 成人50","type":3,"api":"caiji.js","ext":"https://sewozyapi.com/api.php/provide/vod/"},
{"key":"api.apilyzy.com","name":"成人 | 成人52","type":3,"api":"caiji.js","ext":"https://api.apilyzy.com/api.php/provide/vod/"}
]},
    "comic": {
        "sites": [
            {
                "key": "cartoon18",
                "name": "cartoon18",
                "type": 3,
                "api": "cartoon18_open.js"
            }        ]
    },
"pan":{"sites":[
{"key":"alist","name":"Alist","type":40,"api":"alist_open.js","ext":[
{"name":"丫仙女","server":"http://alist.xiaoya.pro/","startPage":"/","showAll":false,"search":true,"headers":{"Authorization":""},"params":{"/abc":{"password":"123"},"/abc/abc":{"password":"123"}}},
{"name":"小鸭","server":"http://shicheng.wang:555/","startPage":"/","showAll":false,"search":true,"params":{"/abc":{"password":"123"},"/abc/abc":{"password":"123"}}},
{"name":"小猫","server":"https://nics.eu.org","startPage":"/SP1","showAll":false,"search":true,"params":{"/abc":{"password":"123"},"/abc/abc":{"password":"123"}}},
{"name":"ECVE","server":"https://pan.ecve.cn"},
{"name":"觸光","server":"https://pan.ichuguang.com"},
{"name":"一只魚","server":"https://vtok.pp.ua/"},
{"name":"七米藍","server":"https://al.chirmyram.com"},
{"name":"神族九帝","server":"https://alist.shenzjd.com"},
{"name":"梓澪","server":"https://zi0.cc"},
{"name":"一只鱼","server":"https://alist.youte.ml"},
{"name":"杜比","server":"https://dubi.tk"},
{"name":"姬路白雪","server":"https://pan.jlbx.xyz"},
{"name":"星梦","server":"https://pan.bashroot.top"},
{"name":"repl","server":"https://ali.liucn.repl.co"},
{"name":"讯维云盘","server":"https://pan.xwbeta.com"},
{"name":"正奕合集","server":"http://www.jczyl.top:5244/"},
{"name":"东哥","server":"http://101.34.67.237:5244/"},
{"name":"美云","server":"https://h.dfjx.ltd/"},
{"name":"小新盘","server":"https://pan.cdnxin.top/"},
{"name":"白云tv","server":"http://breadmyth.asuscomm.com:22222/"},
{"name":"小雅分类","server":"http://www.214728327.xyz:5207/"},
{"name":"瑶瑶","server":"https://lyly.run.goorm.io/"},
{"name":"潇洒个人","server":"https://alist.azad.asia/"},
{"name":"鹏程","server":"https://pan.pengcheng.team/"},
{"name":"小丫","server":"http://alist.xiaoya.pro/"},
{"name":"神器云","server":"https://alist.ygxz.xyz/"},
{"name":"雨呢","server":"https://pan.clun.top/"},
{"name":"OEIO","server":"https://o.oeio.repl.co/"},
{"name":"酷呵盘","server":"https://pan.kuhehe.top/"},
{"name":"分享者","server":"https://melist.me/"},
{"name":"目瞪口呆","server":"https://pan.mdgd.cc/"},
{"name":"小陈","server":"https://ypan.cc/"},
{"name":"动漫盘","server":"http://pan.smjc.cc"},
{"name":"神秘小盘","server":"https://yun.ltt.zone/"},
{"name":"SODAZ1","server":"https://pan.sodaz.xyz/"},
{"name":"ccaa","server":"http://ww1.ccaac.xyz/"},
{"name":"姹莱坞","server":"https://alist.agczsz.top/","passwd":"agree"},
{"name":"老谭","server":"https://pan.cqtjy.cn/"},
{"name":"皓星繁天","server":"https://pan.hxft.xyz/"},
{"name":"肥灿","server":"http://43.200.153.107:55609/"},
{"name":"悦享盘","server":"https://pity.eu.org/"},
{"name":"小雅备用","server":"http://123.60.188.109:5678/"},
{"name":"小黄瓜","server":"http://sbpan.tk/"},
{"name":"👀微资·随意盘","server":"https://apps.weixinqqq.com/"},
{"name":"雨呢备用","server":"https://clun.eu.org/"},
{"name":"潇洒备用","server":"http://www.azad.asia:5244/"},
{"name":"A大杂物库","server":"https://alist.qyide.com/"},
{"name":"罗汉果","server":"https://lala-ofbip.run.goorm.site/"},
{"name":"诸神小盘","server":"https://pan.zsxg.top/"},
{"name":"福利盘","server":"http://69.161.221.160:5244/"},
{"name":"爱豆福利","server":"https://alist.eduedu.eu.org/"}
]}]},
    "color": [
        {
            "light": { "bg": "https://i2.100024.xyz/2024/01/13/qrnuwt.webp", "bgMask": "0x50ffffff", "primary": "0xFF2B6C00", "onPrimary": "0xFFFFFFFF", "primaryContainer": "0xFFA6F779", "onPrimaryContainer": "0xFF082100", "secondary": "0xFF55624C", "onSecondary": "0xFFFFFFFF", "secondaryContainer": "0xFFD9E7CA", "onSecondaryContainer": "0xFF131F0D", "tertiary": "0xFF386666", "onTertiary": "0xFFFFFFFF", "tertiaryContainer": "0xFFBBEBEB", "onTertiaryContainer": "0xFF002020", "error": "0xFFBA1A1A", "onError": "0xFFFFFFFF", "errorContainer": "0xFFFFDAD6", "onErrorContainer": "0xFF410002", "background": "0xFFFDFDF5", "onBackground": "0xFF1A1C18", "surface": "0xFFFDFDF5", "onSurface": "0xFF1A1C18", "surfaceVariant": "0xFFE0E4D6", "onSurfaceVariant": "0xFF1A1C18", "inverseSurface": "0xFF2F312C", "onInverseSurface": "0xFFF1F1EA", "outline": "0xFF74796D", "outlineVariant": "0xFFC3C8BB", "shadow": "0xFF000000", "scrim": "0xFF000000", "inversePrimary": "0xFF8CDA60", "surfaceTint": "0xFF2B6C00" },
            "dark": { "bg": "https://i2.100024.xyz/2024/01/13/qrc37o.webp", "bgMask": "0x50000000", "primary": "0xFF8CDA60", "onPrimary": "0xFF133800", "primaryContainer": "0xFF1F5100", "onPrimaryContainer": "0xFFA6F779", "secondary": "0xFFBDCBAF", "onSecondary": "0xFF283420", "secondaryContainer": "0xFF3E4A35", "onSecondaryContainer": "0xFFD9E7CA", "tertiary": "0xFFA0CFCF", "onTertiary": "0xFF003737", "tertiaryContainer": "0xFF1E4E4E", "onTertiaryContainer": "0xFFBBEBEB", "error": "0xFFFFB4AB", "errorContainer": "0xFF93000A", "onError": "0xFF690005", "onErrorContainer": "0xFFFFDAD6", "background": "0xFF1A1C18", "onBackground": "0xFFE3E3DC", "outline": "0xFF8D9286", "onInverseSurface": "0xFF1A1C18", "inverseSurface": "0xFFE3E3DC", "inversePrimary": "0xFF2B6C00", "shadow": "0xFF000000", "surfaceTint": "0xFF8CDA60", "outlineVariant": "0xFF43483E", "scrim": "0xFF000000", "surface": "0xFF1A1C18", "onSurface": "0xFFC7C7C0", "surfaceVariant": "0xFF43483E", "onSurfaceVariant": "0xFFC7C7C0" }
        }
    ]
}
